turn, entropy, aspce_old, aspce_new, p
2, 4.59644, 40, 3, 0, aback
3, 1.58496, 3, 1, 0, aback
4, 1.58496, 1, 1, 0, aback
2, 2.80735, 7, 1, 0, abase
3, 2.80735, 1, 1, 0, abase
2, 3.18201, 28, 1, 0, abate
3, 3.18201, 1, 1, 0, abate
2, 4.53708, 68, 3, 0, abbey
3, 1.58496, 3, 1, 0, abbey
4, 1.58496, 1, 1, 0, abbey
2, 4.40569, 44, 1, 0, abbot
3, 4.40569, 1, 1, 0, abbot
2, 3.65823, 27, 4, 0, abhor
3, 2, 4, 1, 0.25, abhor
4, 2, 1, 1, 0.25, abhor
2, 4.01177, 40, 2, 0, abide
3, 1, 2, 1, 0.5, abide
2, 4.53708, 68, 3, 0, abled
3, 1.58496, 3, 1, 0, abled
4, 1.58496, 1, 1, 0, abled
2, 3, 8, 1, 0, abode
3, 3, 1, 1, 0, abode
2, 2.58496, 6, 1, 0, abort
3, 2.58496, 1, 1, 0, abort
2, 4.40569, 44, 2, 0, about
3, 1, 2, 1, 0.5, about
2, 3, 8, 1, 0, above
3, 3, 1, 1, 0, above
2, 3.13957, 15, 2, 0, abuse
3, 1, 2, 1, 0.5, abuse
2, 3.93618, 23, 1, 0, abyss
3, 3.93618, 1, 1, 0, abyss
2, 2.58496, 6, 1, 0, acorn
3, 2.58496, 1, 1, 0, acorn
2, 4.22281, 42, 3, 0, acrid
3, 1.58496, 3, 1, 0, acrid
4, 1.58496, 1, 1, 0, acrid
2, 3.65823, 27, 4, 0, actor
3, 2, 4, 1, 0.25, actor
4, 2, 1, 1, 0.25, actor
2, 4.01177, 40, 1, 0, acute
3, 4.01177, 1, 1, 0, acute
2, 3.18201, 28, 2, 0, adage
3, 1, 2, 1, 0.5, adage
2, 4.59644, 40, 2, 0, adapt
3, 1, 2, 1, 0.5, adapt
2, 4.53708, 68, 2, 0, adept
3, 1, 2, 1, 0.5, adept
2, 5.17137, 138, 3, 0, admin
3, 1.58496, 3, 1, 0, admin
4, 1.58496, 1, 1, 0, admin
2, 5.17137, 138, 3, 0, admit
3, 1.58496, 3, 1, 0, admit
4, 1.58496, 1, 1, 0, admit
2, 3, 8, 1, 0, adobe
3, 3, 1, 1, 0, adobe
2, 4.40569, 44, 2, 0, adopt
3, 1, 2, 1, 0.5, adopt
4, 1, 1, 1, 0.5, adopt
2, 1, 1, 1, 0.5, adore
2, 2.58496, 6, 1, 0, adorn
3, 2.58496, 1, 1, 0, adorn
2, 5.17137, 138, 3, 0, adult
3, 1.58496, 3, 1, 0, adult
4, 1.58496, 1, 1, 0, adult
2, 5.17137, 138, 6, 0, affix
3, 2.58496, 6, 1, 0, affix
4, 2.58496, 1, 1, 0, affix
2, 1, 2, 1, 0.5, afire
2, 4.40569, 44, 1, 0, afoot
3, 4.40569, 1, 1, 0, afoot
2, 4.40569, 44, 2, 0, afoul
3, 1, 2, 1, 0.5, afoul
2, 3.69415, 61, 1, 0, after
3, 3.69415, 1, 1, 0, after
2, 4.59644, 40, 1, 0, again
3, 4.59644, 1, 1, 0, again
2, 3.18201, 28, 2, 0, agape
3, 1, 2, 1, 0.5, agape
4, 1, 1, 1, 0.5, agape
2, 3.18201, 28, 1, 0, agate
3, 3.18201, 1, 1, 0, agate
2, 4.53708, 68, 1, 0, agent
3, 4.53708, 1, 1, 0, agent
2, 4.01177, 40, 2, 0, agile
3, 1, 2, 1, 0.5, agile
2, 5.17137, 138, 2, 0, aging
3, 1, 2, 1, 0.5, aging
2, 4.40569, 44, 1, 0, aglow
3, 4.40569, 1, 1, 0, aglow
2, 4.40569, 44, 3, 0, agony
3, 1.58496, 3, 1, 0, agony
4, 1.58496, 1, 1, 0, agony
2, 2.58496, 6, 1, 0, agora
3, 2.58496, 1, 1, 0, agora
2, 2.80735, 7, 1, 0, agree
3, 2.80735, 1, 1, 0, agree
2, 4.53708, 68, 4, 0, ahead
3, 2, 4, 1, 0.25, ahead
2, 3.69415, 61, 3, 0, aider
3, 1.58496, 3, 1, 0, aider
4, 1.58496, 1, 1, 0, aider
2, 3.13957, 15, 3, 0, aisle
3, 1.58496, 3, 1, 0, aisle
4, 1.58496, 1, 1, 0, aisle
2, 3.54659, 13, 1, 0, alarm
3, 3.54659, 1, 1, 0, alarm
2, 5.17137, 138, 3, 0, album
3, 1.58496, 3, 1, 0, album
4, 1.58496, 1, 1, 0, album
2, 2.32193, 5, 1, 0, alert
3, 2.32193, 1, 1, 0, alert
2, 4.01177, 40, 1, 0, algae
3, 4.01177, 1, 1, 0, algae
2, 5.17137, 138, 1, 0, alibi
3, 5.17137, 1, 1, 0, alibi
2, 4.53708, 68, 1, 0, alien
3, 4.53708, 1, 1, 0, alien
2, 5.17137, 138, 1, 0, align
3, 5.17137, 1, 1, 0, align
2, 4.01177, 40, 2, 0, alike
3, 1, 2, 1, 0.5, alike
2, 4.01177, 40, 2, 0, alive
3, 1, 2, 1, 0.5, alive
4, 1, 1, 1, 0.5, alive
2, 5.17137, 138, 3, 0, allay
3, 1.58496, 3, 1, 0, allay
4, 1.58496, 1, 1, 0, allay
2, 4.53708, 68, 3, 0, alley
3, 1.58496, 3, 1, 0, alley
4, 1.58496, 1, 1, 0, alley
2, 4.40569, 44, 1, 0, allot
3, 4.40569, 1, 1, 0, allot
2, 4.40569, 44, 2, 0, allow
3, 1, 2, 1, 0.5, allow
2, 4.40569, 44, 2, 0, alloy
3, 1, 2, 1, 0.5, alloy
4, 1, 1, 1, 0.5, alloy
2, 4.40569, 44, 4, 0, aloft
3, 2, 4, 1, 0, aloft
4, 2, 1, 1, 0, aloft
2, 3, 8, 1, 0, alone
3, 3, 1, 1, 0, alone
2, 4.40569, 44, 2, 0, along
3, 1, 2, 1, 0.5, along
2, 4.40569, 44, 1, 0, aloof
3, 4.40569, 1, 1, 0, aloof
2, 4.40569, 44, 2, 0, aloud
3, 1, 2, 1, 0.5, aloud
4, 1, 1, 1, 0.5, aloud
2, 5.17137, 138, 3, 0, alpha
3, 1.58496, 3, 1, 0, alpha
4, 1.58496, 1, 1, 0, alpha
2, 4.22281, 42, 2, 0, altar
3, 1, 2, 1, 0.5, altar
2, 3.69415, 61, 1, 0, alter
3, 3.69415, 1, 1, 0, alter
2, 3.32486, 14, 1, 0, amass
3, 3.32486, 1, 1, 0, amass
2, 3.18201, 28, 1, 0, amaze
3, 3.18201, 1, 1, 0, amaze
2, 3.69415, 61, 3, 0, amber
3, 1.58496, 3, 1, 0, amber
4, 1.58496, 1, 1, 0, amber
2, 4.01177, 40, 4, 0, amble
3, 2, 4, 1, 0.25, amble
4, 2, 1, 1, 0.25, amble
2, 4.53708, 68, 4, 0, amend
3, 2, 4, 1, 0.25, amend
2, 3.93618, 23, 3, 0, amiss
3, 1.58496, 3, 1, 0, amiss
4, 1.58496, 1, 1, 0, amiss
2, 5.17137, 138, 2, 0, amity
3, 1, 2, 1, 0.5, amity
2, 4.40569, 44, 3, 0, among
3, 1.58496, 3, 1, 0, among
4, 1.58496, 1, 1, 0, among
2, 4.01177, 40, 4, 0, ample
3, 2, 4, 1, 0.25, ample
2, 5.17137, 138, 12, 0, amply
3, 3.58496, 12, 1, 0, amply
4, 3.58496, 1, 1, 0, amply
2, 3.13957, 15, 1, 0, amuse
3, 3.13957, 1, 1, 0, amuse
2, 4.53708, 68, 1, 0, angel
3, 4.53708, 1, 1, 0, angel
2, 3.69415, 61, 3, 0, anger
3, 1.58496, 3, 1, 0, anger
4, 1.58496, 1, 1, 0, anger
2, 4.01177, 40, 2, 0, angle
3, 1, 2, 1, 0.5, angle
4, 1, 1, 1, 0.5, angle
2, 3.0958, 11, 2, 0, angry
3, 1, 2, 1, 0.5, angry
2, 3.93618, 23, 1, 0, angst
3, 3.93618, 1, 1, 0, angst
2, 4.01177, 40, 2, 0, anime
3, 1, 2, 1, 0.5, anime
4, 1, 1, 1, 0.5, anime
2, 4.01177, 40, 4, 0, ankle
3, 2, 4, 1, 0.25, ankle
4, 2, 1, 1, 0.25, ankle
2, 4.53708, 68, 4, 0, annex
3, 2, 4, 1, 0.25, annex
4, 2, 1, 1, 0.25, annex
2, 4.40569, 44, 5, 0, annoy
3, 2.32193, 5, 1, 0, annoy
4, 2.32193, 1, 1, 0, annoy
2, 5.17137, 138, 5, 0, annul
3, 2.32193, 5, 1, 0, annul
4, 2.32193, 1, 1, 0, annul
2, 3, 8, 1, 0, anode
3, 3, 1, 1, 0, anode
2, 5.17137, 138, 1, 0, antic
3, 5.17137, 1, 1, 0, antic
2, 5.17137, 138, 3, 0, anvil
3, 1.58496, 3, 1, 0, anvil
4, 1.58496, 1, 1, 0, anvil
2, 3, 8, 1, 0, aorta
3, 3, 1, 1, 0, aorta
2, 3.54659, 13, 1, 0, apart
3, 3.54659, 1, 1, 0, apart
2, 5.17137, 138, 6, 0, aphid
3, 2.58496, 6, 1, 0, aphid
4, 2.58496, 1, 1, 0, aphid
2, 5.17137, 138, 2, 0, aping
3, 1, 2, 1, 0.5, aping
4, 1, 1, 1, 0.5, aping
2, 4.53708, 68, 1, 0, apnea
3, 4.53708, 1, 1, 0, apnea
2, 4.01177, 40, 4, 0, apple
3, 2, 4, 1, 0.25, apple
4, 2, 1, 1, 0.25, apple
2, 5.17137, 138, 12, 0, apply
3, 3.58496, 12, 1, 0, apply
4, 3.58496, 1, 1, 0, apply
2, 3.65823, 27, 1, 0, apron
3, 3.65823, 1, 1, 0, apron
2, 5.17137, 138, 5, 0, aptly
3, 2.32193, 5, 1, 0, aptly
4, 2.32193, 1, 1, 0, aptly
2, 3.65823, 27, 4, 0, arbor
3, 2, 4, 1, 0.25, arbor
2, 3.65823, 27, 4, 0, ardor
3, 2, 4, 1, 0.25, ardor
4, 2, 1, 1, 0.25, ardor
2, 3.69415, 61, 1, 0, arena
3, 3.69415, 1, 1, 0, arena
2, 2.80735, 7, 1, 0, argue
3, 2.80735, 1, 1, 0, argue
2, 1.58496, 3, 1, 0, arise
3, 1.58496, 1, 1, 0, arise
2, 3.65823, 27, 1, 0, armor
3, 3.65823, 1, 1, 0, armor
2, 3.65823, 27, 1, 0, aroma
3, 3.65823, 1, 1, 0, aroma
2, 3.65823, 1, 1, 0, arose
2, 4.22281, 42, 1, 0, array
3, 4.22281, 1, 1, 0, array
2, 3.65823, 27, 1, 0, arrow
3, 3.65823, 1, 1, 0, arrow
2, 3.65823, 1, 1, 0, arson
2, 2, 4, 1, 0.25, artsy
3, 2, 1, 1, 0.25, artsy
2, 1.58496, 3, 1, 0, ascot
3, 1.58496, 1, 1, 0, ascot
2, 2.32193, 5, 1, 0, ashen
3, 2.32193, 1, 1, 0, ashen
2, 3.13957, 15, 3, 0, aside
3, 1.58496, 3, 1, 0, aside
4, 1.58496, 1, 1, 0, aside
2, 2.32193, 5, 1, 0, askew
3, 2.32193, 1, 1, 0, askew
2, 3.93618, 23, 2, 0, assay
3, 1, 2, 1, 0.5, assay
2, 2.32193, 5, 1, 0, asset
3, 2.32193, 1, 1, 0, asset
2, 4.40569, 44, 1, 0, atoll
3, 4.40569, 1, 1, 0, atoll
2, 3, 8, 1, 0, atone
3, 3, 1, 1, 0, atone
2, 5.17137, 138, 1, 0, attic
3, 5.17137, 1, 1, 0, attic
2, 4.40569, 44, 4, 0, audio
3, 2, 4, 1, 0.25, audio
4, 2, 1, 1, 0.25, audio
2, 5.17137, 138, 3, 0, audit
3, 1.58496, 3, 1, 0, audit
4, 1.58496, 1, 1, 0, audit
2, 4.22281, 42, 4, 0, augur
3, 2, 4, 1, 0.25, augur
4, 2, 1, 1, 0.25, augur
2, 5.17137, 138, 3, 0, aunty
3, 1.58496, 3, 1, 0, aunty
4, 1.58496, 1, 1, 0, aunty
2, 4.59644, 40, 2, 0, avail
3, 1, 2, 1, 0.5, avail
2, 2.32193, 5, 1, 0, avert
3, 2.32193, 1, 1, 0, avert
2, 5.17137, 138, 1, 0, avian
3, 5.17137, 1, 1, 0, avian
2, 4.40569, 44, 3, 0, avoid
3, 1.58496, 3, 1, 0, avoid
4, 1.58496, 1, 1, 0, avoid
2, 4.59644, 40, 1, 0, await
3, 4.59644, 1, 1, 0, await
2, 3.18201, 28, 8, 0, awake
3, 2.75, 8, 2, 0.125, awake
4, 1, 2, 1, 0.5, awake
2, 3.54659, 13, 1, 0, award
3, 3.54659, 1, 1, 0, award
2, 2, 4, 1, 0, aware
3, 2, 1, 1, 0, aware
2, 3.32486, 14, 3, 0, awash
3, 1.58496, 3, 1, 0, awash
4, 1.58496, 1, 1, 0, awash
2, 5.17137, 138, 12, 0, awful
3, 3.58496, 12, 1, 0, awful
4, 3.58496, 1, 1, 0, awful
2, 3, 8, 1, 0, awoke
3, 3, 1, 1, 0, awoke
2, 5.17137, 138, 3, 0, axial
3, 1.58496, 3, 1, 0, axial
4, 1.58496, 1, 1, 0, axial
2, 4.40569, 44, 5, 0, axiom
3, 2.32193, 5, 1, 0, axiom
4, 2.32193, 1, 1, 0, axiom
2, 4.40569, 44, 5, 0, axion
3, 2.32193, 5, 1, 0, axion
4, 2.32193, 1, 1, 0, axion
2, 1, 2, 1, 0.5, azure
3, 1, 1, 1, 0.5, azure
2, 4.40569, 44, 2, 0, bacon
3, 1, 2, 1, 0.5, bacon
2, 4.01177, 40, 2, 0, badge
3, 1, 2, 1, 0.5, badge
2, 5.17137, 138, 12, 0, badly
3, 3.58496, 12, 1, 0, badly
4, 3.58496, 1, 1, 0, badly
2, 4.53708, 68, 6, 0, bagel
3, 2.58496, 6, 1, 0, bagel
4, 2.58496, 1, 1, 0, bagel
2, 5.17137, 138, 15, 0, baggy
3, 3.64022, 15, 1, 0, baggy
4, 3.64022, 1, 1, 0, baggy
2, 3.69415, 61, 15, 0, baker
3, 2.86625, 15, 5, 0, baker
4, 1.92193, 5, 1, 0, baker
5, 1.92193, 1, 1, 0, baker
2, 3.69415, 61, 2, 0, baler
3, 1, 2, 1, 0.5, baler
2, 5.17137, 138, 12, 0, balmy
3, 3.58496, 12, 1, 0, balmy
4, 3.58496, 1, 1, 0, balmy
2, 5.17137, 138, 5, 0, banal
3, 2.32193, 5, 1, 0, banal
4, 2.32193, 1, 1, 0, banal
2, 4.40569, 44, 4, 0, banjo
3, 2, 4, 1, 0.25, banjo
2, 2.80735, 7, 1, 0, barge
3, 2.80735, 1, 1, 0, barge
2, 3.65823, 27, 1, 0, baron
3, 3.65823, 1, 1, 0, baron
2, 3.93618, 23, 2, 0, basal
3, 1, 2, 1, 0.5, basal
2, 3.93618, 23, 3, 0, basic
3, 1.58496, 3, 1, 0, basic
4, 1.58496, 1, 1, 0, basic
2, 3.93618, 23, 1, 0, basil
3, 3.93618, 1, 1, 0, basil
2, 3.93618, 23, 1, 0, basin
3, 3.93618, 1, 1, 0, basin
2, 3.93618, 23, 3, 0, basis
3, 1.58496, 3, 1, 0, basis
4, 1.58496, 1, 1, 0, basis
2, 3.13957, 15, 3, 0, baste
3, 1.58496, 3, 1, 0, baste
4, 1.58496, 1, 1, 0, baste
2, 5.17137, 138, 6, 0, batch
3, 2.25163, 6, 1, 0, batch
4, 2.25163, 1, 1, 0, batch
2, 4.01177, 40, 1, 0, bathe
3, 4.01177, 1, 1, 0, bathe
2, 4.40569, 44, 2, 0, baton
3, 1, 2, 1, 0.5, baton
2, 5.17137, 138, 7, 0, batty
3, 2.52164, 7, 1, 0, batty
4, 2.52164, 1, 1, 0, batty
2, 5.17137, 138, 15, 0, bawdy
3, 3.64022, 15, 1, 0, bawdy
4, 3.64022, 1, 1, 0, bawdy
2, 4.40569, 44, 5, 0, bayou
3, 2.32193, 5, 1, 0, bayou
4, 2.32193, 1, 1, 0, bayou
2, 3.74899, 21, 2, 0, beach
3, 1, 2, 1, 0.5, beach
2, 3.74899, 21, 1, 0, beady
3, 3.74899, 1, 1, 0, beady
2, 2.9477, 9, 2, 0, beard
3, 1, 2, 1, 0.5, beard
2, 2.32193, 5, 1, 0, beast
3, 2.32193, 1, 1, 0, beast
2, 5.12671, 120, 13, 0, beech
3, 3.39275, 13, 1, 0, beech
4, 3.39275, 1, 1, 0, beech
2, 5.12671, 120, 13, 0, beefy
3, 3.39275, 13, 1, 0, beefy
4, 3.39275, 1, 1, 0, beefy
2, 5.12671, 120, 1, 0, befit
3, 5.12671, 1, 1, 0, befit
2, 4.53708, 68, 4, 0, began
3, 2, 4, 1, 0.25, began
2, 4.53708, 68, 4, 0, begat
3, 2, 4, 1, 0.25, begat
4, 2, 1, 1, 0.25, begat
2, 5.12671, 120, 7, 0, beget
3, 2.80735, 7, 1, 0, beget
4, 2.80735, 1, 1, 0, beget
2, 5.12671, 120, 1, 0, begin
3, 5.12671, 1, 1, 0, begin
2, 5.12671, 120, 4, 0, begun
3, 2, 4, 1, 0.25, begun
4, 2, 1, 1, 0.25, begun
2, 5.12671, 120, 1, 0, being
3, 5.12671, 1, 1, 0, being
2, 5.12671, 120, 13, 0, belch
3, 3.39275, 13, 1, 0, belch
4, 3.39275, 1, 1, 0, belch
2, 5.06772, 79, 1, 0, belie
3, 5.06772, 1, 1, 0, belie
2, 5.06772, 79, 2, 0, belle
3, 1, 2, 1, 0.5, belle
2, 5.12671, 120, 13, 0, belly
3, 3.39275, 13, 1, 0, belly
4, 3.39275, 1, 1, 0, belly
2, 4.00386, 25, 1, 0, below
3, 4.00386, 1, 1, 0, below
2, 5.12671, 120, 4, 0, bench
3, 2, 4, 1, 0.25, bench
2, 4.38699, 117, 6, 0, beret
3, 2.58496, 6, 1, 0, beret
4, 2.58496, 1, 1, 0, beret
2, 3.37878, 14, 2, 0, berry
3, 1, 2, 1, 0.5, berry
2, 4.38699, 117, 7, 0, berth
3, 2.80735, 7, 1, 0, berth
4, 2.80735, 1, 1, 0, berth
2, 3.78714, 19, 2, 0, beset
3, 1, 2, 1, 0.5, beset
2, 5.12671, 120, 7, 0, betel
3, 2.80735, 7, 1, 0, betel
4, 2.80735, 1, 1, 0, betel
2, 5.12671, 120, 13, 0, bevel
3, 3.39275, 13, 2, 0, bevel
4, 1, 2, 1, 0.5, bevel
2, 5.12671, 120, 13, 0, bezel
3, 3.39275, 13, 2, 0, bezel
4, 1, 2, 1, 0.5, bezel
5, 1, 1, 1, 0.5, bezel
2, 5.06772, 79, 1, 0, bible
3, 5.06772, 1, 1, 0, bible
2, 5.12671, 120, 5, 0, bicep
3, 2.32193, 5, 1, 0, bicep
4, 2.32193, 1, 1, 0, bicep
2, 5.5085, 183, 10, 0, biddy
3, 3.12193, 10, 1, 0, biddy
4, 3.12193, 1, 1, 0, biddy
2, 4.88754, 56, 2, 0, bigot
3, 1, 2, 1, 0.5, bigot
2, 5.06772, 79, 2, 0, bilge
3, 1, 2, 1, 0.5, bilge
2, 5.5085, 183, 14, 0, billy
3, 3.09307, 14, 4, 0, billy
4, 2, 4, 1, 0, billy
5, 2, 1, 1, 0, billy
2, 5.06772, 79, 3, 0, binge
3, 1.58496, 3, 1, 0, binge
4, 1.58496, 1, 1, 0, binge
2, 4.88754, 56, 3, 0, bingo
3, 1.58496, 3, 1, 0, bingo
4, 1.58496, 1, 1, 0, bingo
2, 3.78418, 20, 1, 0, biome
3, 3.78418, 1, 1, 0, biome
2, 4.65581, 57, 2, 0, birch
3, 1, 2, 1, 0.5, birch
2, 4.65581, 57, 3, 0, birth
3, 1.58496, 3, 1, 0, birth
4, 1.58496, 1, 1, 0, birth
2, 2.80735, 7, 1, 0, bison
3, 2.80735, 1, 1, 0, bison
2, 5.5085, 183, 9, 0, bitty
3, 2.6416, 9, 3, 0.111111, bitty
4, 1.58496, 3, 1, 0, bitty
5, 1.58496, 1, 1, 0, bitty
2, 4.59644, 40, 2, 0, black
3, 1, 2, 1, 0.5, black
2, 3.18201, 28, 6, 0, blade
3, 2.25163, 6, 1, 0, blade
4, 2.25163, 1, 1, 0, blade
2, 3.18201, 28, 6, 0, blame
3, 2.25163, 6, 1, 0, blame
4, 2.25163, 1, 1, 0, blame
2, 4.59644, 40, 3, 0, bland
3, 1.58496, 3, 1, 0, bland
4, 1.58496, 1, 1, 0, bland
2, 4.59644, 40, 3, 0, blank
3, 1.58496, 3, 1, 0, blank
4, 1.58496, 1, 1, 0, blank
2, 2, 4, 1, 0, blare
3, 2, 1, 1, 0, blare
2, 3.32486, 14, 2, 0, blast
3, 1, 2, 1, 0.5, blast
2, 3.18201, 28, 1, 0, blaze
3, 3.18201, 1, 1, 0, blaze
2, 4.53708, 68, 4, 0, bleak
3, 2, 4, 1, 0, bleak
4, 2, 1, 1, 0, bleak
2, 4.53708, 68, 4, 0, bleat
3, 2, 4, 1, 0, bleat
4, 2, 1, 1, 0, bleat
2, 5.12671, 120, 3, 0, bleed
3, 1.58496, 3, 1, 0, bleed
4, 1.58496, 1, 1, 0, bleed
2, 5.12671, 120, 10, 0, bleep
3, 3.32193, 10, 1, 0.1, bleep
4, 3.32193, 1, 1, 0.1, bleep
2, 5.12671, 120, 1, 0, blend
3, 5.12671, 1, 1, 0, blend
2, 3.78714, 19, 1, 0, bless
3, 3.78714, 1, 1, 0, bless
2, 5.5085, 183, 1, 0, blimp
3, 5.5085, 1, 1, 0, blimp
2, 5.5085, 183, 3, 0, blind
3, 1.58496, 3, 1, 0, blind
4, 1.58496, 1, 1, 0, blind
2, 5.5085, 183, 3, 0, blink
3, 1.58496, 3, 1, 0, blink
4, 1.58496, 1, 1, 0, blink
2, 4.2485, 33, 3, 0, bliss
3, 1.58496, 3, 1, 0, bliss
4, 1.58496, 1, 1, 0, bliss
2, 5.5085, 183, 1, 0, blitz
3, 5.5085, 1, 1, 0, blitz
2, 4.40569, 44, 4, 0, bloat
3, 2, 4, 1, 0, bloat
4, 2, 1, 1, 0, bloat
2, 4.88754, 56, 2, 0, block
3, 1, 2, 1, 0.5, block
2, 3.78418, 20, 1, 0, bloke
3, 3.78418, 1, 1, 0, bloke
2, 4.88754, 56, 1, 0, blond
3, 4.88754, 1, 1, 0, blond
2, 4.88754, 56, 4, 0, blood
3, 2, 4, 1, 0.25, blood
2, 4.88754, 56, 4, 0, bloom
3, 2, 4, 1, 0.25, bloom
4, 2, 1, 1, 0.25, bloom
2, 4.88754, 56, 2, 0, blown
3, 1, 2, 1, 0.5, blown
2, 4.38699, 117, 25, 0, bluer
3, 3.75327, 25, 1, 0, bluer
4, 3.75327, 1, 1, 0, bluer
2, 5.5085, 183, 5, 0, bluff
3, 2.32193, 5, 1, 0, bluff
4, 2.32193, 1, 1, 0, bluff
2, 5.5085, 183, 1, 0, blunt
3, 5.5085, 1, 1, 0, blunt
2, 3.70044, 13, 1, 0, blurb
3, 3.70044, 1, 1, 0, blurb
2, 3.70044, 13, 1, 0, blurt
3, 3.70044, 1, 1, 0, blurt
2, 4.2485, 33, 3, 0, blush
3, 1.58496, 3, 1, 0, blush
4, 1.58496, 1, 1, 0, blush
2, 1, 2, 1, 0.5, board
2, 1.58496, 3, 1, 0, boast
3, 1.58496, 1, 1, 0, boast
2, 4.44757, 87, 15, 0, bobby
3, 3.00624, 15, 3, 0, bobby
4, 1.58496, 3, 1, 0, bobby
5, 1.58496, 1, 1, 0, bobby
2, 3.53257, 26, 2, 0, boney
3, 1, 2, 1, 0.5, boney
2, 4.44757, 87, 3, 0, bongo
3, 1.58496, 3, 1, 0, bongo
4, 1.58496, 1, 1, 0, bongo
2, 3.45656, 15, 1, 0, bonus
3, 3.45656, 1, 1, 0, bonus
2, 4.44757, 87, 15, 0, booby
3, 3.00624, 15, 3, 0, booby
4, 1.58496, 3, 1, 0, booby
5, 1.58496, 1, 1, 0, booby
2, 3.45656, 15, 1, 0, boost
3, 3.45656, 1, 1, 0, boost
2, 4.44757, 87, 4, 0, booth
3, 2, 4, 1, 0.25, booth
2, 4.44757, 87, 1, 0, booty
3, 4.44757, 1, 1, 0, booty
2, 3.32193, 10, 1, 0, booze
3, 3.32193, 1, 1, 0, booze
2, 4.44757, 87, 15, 0, boozy
3, 3.00624, 15, 3, 0, boozy
4, 1.58496, 3, 1, 0, boozy
5, 1.58496, 1, 1, 0, boozy
2, 3, 8, 1, 0, borax
3, 3, 1, 1, 0, borax
2, 2.9477, 9, 1, 0, borne
3, 2.9477, 1, 1, 0, borne
2, 3.45656, 15, 1, 0, bosom
3, 3.45656, 1, 1, 0, bosom
2, 3.45656, 15, 1, 0, bossy
3, 3.45656, 1, 1, 0, bossy
2, 4.44757, 87, 5, 0, botch
3, 2.32193, 5, 1, 0, botch
4, 2.32193, 1, 1, 0, botch
2, 4.44757, 87, 8, 0, bough
3, 2.75, 8, 1, 0, bough
4, 2.75, 1, 1, 0, bough
2, 3.32193, 10, 1, 0, boule
3, 3.32193, 1, 1, 0, boule
2, 4.44757, 87, 8, 0, bound
3, 2.75, 8, 1, 0, bound
4, 2.75, 1, 1, 0, bound
2, 3.53257, 26, 4, 0, bowel
3, 2, 4, 1, 0, bowel
4, 2, 1, 1, 0, bowel
2, 2.49197, 22, 9, 0, boxer
3, 2.19716, 9, 1, 0, boxer
4, 2.19716, 1, 1, 0, boxer
2, 2.97084, 19, 2, 0, brace
3, 1, 2, 1, 0.5, brace
2, 4.27507, 40, 1, 0, braid
3, 4.27507, 1, 1, 0, braid
2, 4.27507, 40, 3, 0, brain
3, 1.58496, 3, 1, 0, brain
4, 1.58496, 1, 1, 0, brain
2, 2.97084, 19, 6, 0, brake
3, 1.9183, 6, 2, 0.166667, brake
4, 1, 2, 1, 0.5, brake
2, 4.27507, 40, 5, 0, brand
3, 2.32193, 5, 1, 0, brand
4, 2.32193, 1, 1, 0, brand
2, 2.80735, 7, 1, 0, brash
3, 2.80735, 1, 1, 0, brash
2, 2.80735, 7, 1, 0, brass
3, 2.80735, 1, 1, 0, brass
2, 2.97084, 19, 6, 0, brave
3, 1.9183, 6, 1, 0.166667, brave
4, 1.9183, 1, 1, 0.166667, brave
2, 1.9183, 1, 1, 0.166667, bravo
2, 4.27507, 40, 2, 0, brawl
3, 1, 2, 1, 0.5, brawl
2, 4.27507, 40, 3, 0, brawn
3, 1.58496, 3, 1, 0, brawn
4, 1.58496, 1, 1, 0, brawn
2, 3.69415, 61, 11, 0, bread
3, 3.0958, 11, 1, 0, bread
4, 3.0958, 1, 1, 0, bread
2, 3.69415, 61, 11, 0, break
3, 3.0958, 11, 1, 0, break
4, 3.0958, 1, 1, 0, break
2, 4.38699, 117, 4, 0, breed
3, 2, 4, 1, 0, breed
4, 2, 1, 1, 0, breed
2, 4.22281, 42, 3, 0, briar
3, 1.58496, 3, 1, 0, briar
4, 1.58496, 1, 1, 0, briar
2, 4.0055, 39, 7, 0, bribe
3, 2.80735, 7, 1, 0.142857, bribe
4, 2.80735, 1, 1, 0.142857, bribe
2, 4.65581, 57, 5, 0, brick
3, 2.32193, 5, 1, 0, brick
4, 2.32193, 1, 1, 0, brick
2, 4.0055, 39, 3, 0, bride
3, 1.58496, 3, 1, 0, bride
4, 1.58496, 1, 1, 0, bride
2, 4.38699, 117, 5, 0, brief
3, 2.32193, 5, 1, 0, brief
4, 2.32193, 1, 1, 0, brief
2, 4.0055, 39, 7, 0, brine
3, 2.80735, 7, 1, 0.142857, brine
4, 2.80735, 1, 1, 0.142857, brine
2, 4.65581, 57, 2, 0, bring
3, 1, 2, 1, 0.5, bring
2, 4.65581, 57, 3, 0, brink
3, 1.58496, 3, 1, 0, brink
4, 1.58496, 1, 1, 0, brink
2, 4.65581, 57, 3, 0, briny
3, 1.58496, 3, 1, 0, briny
4, 1.58496, 1, 1, 0, briny
2, 3.75, 16, 2, 0, brisk
3, 1, 2, 1, 0.5, brisk
2, 3.65823, 27, 2, 0, broad
3, 1, 2, 1, 0.5, broad
2, 4.05978, 59, 1, 0, broil
3, 4.05978, 1, 1, 0, broil
2, 2.80735, 14, 4, 0, broke
3, 2, 4, 1, 0, broke
4, 2, 1, 1, 0, broke
2, 4.05978, 59, 12, 0, brood
3, 3.18872, 12, 3, 0, brood
4, 1.58496, 3, 1, 0, brood
5, 1.58496, 1, 1, 0, brood
2, 4.05978, 59, 12, 0, brook
3, 3.18872, 12, 3, 0, brook
4, 1.58496, 3, 1, 0, brook
5, 1.58496, 1, 1, 0, brook
2, 4.05978, 59, 12, 0, broom
3, 3.18872, 12, 3, 0, broom
4, 1.58496, 3, 1, 0, broom
5, 1.58496, 1, 1, 0, broom
2, 4.05978, 59, 6, 0, broth
3, 2.58496, 6, 1, 0, broth
4, 2.58496, 1, 1, 0, broth
2, 4.05978, 59, 4, 0, brown
3, 2, 4, 1, 0, brown
4, 2, 1, 1, 0, brown
2, 4.65581, 57, 2, 0, brunt
3, 1, 2, 1, 0.5, brunt
2, 3.75, 16, 1, 0, brush
3, 3.75, 1, 1, 0, brush
2, 4.0055, 39, 2, 0, brute
3, 1, 2, 1, 0.5, brute
2, 5.5085, 183, 15, 0, buddy
3, 3.50689, 15, 2, 0.0666667, buddy
4, 1, 2, 1, 0.5, buddy
2, 5.06772, 79, 5, 0, budge
3, 1.92193, 5, 1, 0, budge
4, 1.92193, 1, 1, 0, budge
2, 5.5085, 183, 15, 0, buggy
3, 3.50689, 15, 1, 0.0666667, buggy
4, 3.50689, 1, 1, 0.0666667, buggy
2, 5.06772, 79, 1, 0, bugle
3, 5.06772, 1, 1, 0, bugle
2, 5.5085, 183, 3, 0, build
3, 1.58496, 3, 1, 0, build
4, 1.58496, 1, 1, 0, build
2, 5.5085, 183, 3, 0, built
3, 1.58496, 3, 1, 0, built
4, 1.58496, 1, 1, 0, built
2, 5.06772, 79, 2, 0, bulge
3, 1, 2, 1, 0.5, bulge
2, 5.5085, 183, 8, 0, bulky
3, 2.5, 8, 1, 0, bulky
4, 2.5, 1, 1, 0, bulky
2, 5.5085, 183, 8, 0, bully
3, 2.5, 8, 1, 0, bully
4, 2.5, 1, 1, 0, bully
2, 5.5085, 183, 4, 0, bunch
3, 2, 4, 1, 0, bunch
4, 2, 1, 1, 0, bunch
2, 5.5085, 183, 2, 0, bunny
3, 1, 2, 1, 0.5, bunny
2, 4.65581, 57, 5, 0, burly
3, 2.32193, 5, 1, 0, burly
4, 2.32193, 1, 1, 0, burly
2, 4.65581, 57, 2, 0, burnt
3, 1, 2, 1, 0.5, burnt
4, 1, 1, 1, 0.5, burnt
2, 3.75, 16, 1, 0, burst
3, 3.75, 1, 1, 0, burst
2, 3.78714, 19, 1, 0, bused
3, 3.78714, 1, 1, 0, bused
2, 4.2485, 33, 2, 0, bushy
3, 1, 2, 1, 0.5, bushy
2, 5.5085, 183, 3, 0, butch
3, 1.58496, 3, 1, 0, butch
4, 1.58496, 1, 1, 0, butch
2, 5.06772, 79, 1, 0, butte
3, 5.06772, 1, 1, 0, butte
2, 4.88754, 56, 4, 0, buxom
3, 2, 4, 1, 0.25, buxom
4, 2, 1, 1, 0.25, buxom
2, 4.38699, 117, 25, 0, buyer
3, 3.75327, 25, 2, 0, buyer
4, 1, 2, 1, 0.5, buyer
2, 5.17137, 138, 12, 0, bylaw
3, 3.58496, 12, 1, 0, bylaw
4, 3.58496, 1, 1, 0, bylaw
2, 5.17137, 138, 2, 0, cabal
3, 1, 2, 1, 0.5, cabal
2, 5.17137, 138, 2, 0, cabby
3, 1, 2, 1, 0.5, cabby
2, 5.17137, 138, 1, 0, cabin
3, 5.17137, 1, 1, 0, cabin
2, 4.01177, 40, 4, 0, cable
3, 2, 4, 1, 0, cable
4, 2, 1, 1, 0, cable
2, 4.40569, 44, 1, 0, cacao
3, 4.40569, 1, 1, 0, cacao
2, 4.01177, 40, 7, 0, cache
3, 2.80735, 7, 1, 0, cache
4, 2.80735, 1, 1, 0, cache
2, 5.17137, 138, 1, 0, cacti
3, 5.17137, 1, 1, 0, cacti
2, 5.17137, 138, 2, 0, caddy
3, 1, 2, 1, 0.5, caddy
4, 1, 1, 1, 0.5, caddy
2, 4.53708, 68, 2, 0, cadet
3, 1, 2, 1, 0.5, cadet
2, 4.53708, 68, 1, 0, cagey
3, 4.53708, 1, 1, 0, cagey
2, 3.0958, 11, 1, 0, cairn
3, 3.0958, 1, 1, 0, cairn
2, 4.53708, 68, 6, 0, camel
3, 2.58496, 6, 1, 0, camel
4, 2.58496, 1, 1, 0, camel
2, 2, 4, 1, 0.25, cameo
2, 5.17137, 138, 1, 0, canal
3, 5.17137, 1, 1, 0, canal
2, 5.17137, 138, 1, 0, candy
3, 5.17137, 1, 1, 0, candy
2, 5.17137, 138, 1, 0, canny
3, 5.17137, 1, 1, 0, canny
2, 3, 8, 1, 0, canoe
3, 3, 1, 1, 0, canoe
2, 4.40569, 44, 1, 0, canon
3, 4.40569, 1, 1, 0, canon
2, 3.69415, 61, 15, 0, caper
3, 2.86625, 15, 1, 0, caper
4, 2.86625, 1, 1, 0, caper
2, 5.17137, 138, 1, 0, caput
3, 5.17137, 1, 1, 0, caput
2, 4.22281, 42, 2, 0, carat
3, 1, 2, 1, 0.5, carat
2, 3.65823, 27, 1, 0, cargo
3, 3.65823, 1, 1, 0, cargo
2, 3.65823, 27, 2, 0, carol
3, 1, 2, 1, 0.5, carol
2, 3.0958, 11, 1, 0, carry
3, 3.0958, 1, 1, 0, carry
2, 2.80735, 7, 1, 0, carve
3, 2.80735, 1, 1, 0, carve
2, 3.13957, 15, 3, 0, caste
3, 1.58496, 3, 1, 0, caste
4, 1.58496, 1, 1, 0, caste
2, 5.17137, 138, 2, 0, catch
3, 1, 2, 1, 0.5, catch
2, 3.69415, 61, 4, 0, cater
3, 2, 4, 1, 0, cater
4, 2, 1, 1, 0, cater
2, 5.17137, 138, 2, 0, catty
3, 1, 2, 1, 0.5, catty
4, 1, 1, 1, 0.5, catty
2, 5.17137, 138, 2, 0, caulk
3, 1, 2, 1, 0.5, caulk
4, 1, 1, 1, 0.5, caulk
2, 3.13957, 15, 2, 0, cause
3, 1, 2, 1, 0.5, cause
4, 1, 1, 1, 0.5, cause
2, 5.17137, 138, 1, 0, cavil
3, 5.17137, 1, 1, 0, cavil
2, 2.80735, 7, 1, 0, cease
3, 2.80735, 1, 1, 0, cease
2, 3.69415, 61, 3, 0, cedar
3, 1.58496, 3, 1, 0, cedar
4, 1.58496, 1, 1, 0, cedar
2, 4.00386, 25, 2, 0, cello
3, 1, 2, 1, 0.5, cello
2, 3.18201, 28, 8, 0, chafe
3, 2.75, 8, 1, 0.125, chafe
4, 2.75, 1, 1, 0.125, chafe
2, 4.59644, 40, 2, 0, chaff
3, 1, 2, 1, 0.5, chaff
2, 4.59644, 40, 1, 0, chain
3, 4.59644, 1, 1, 0, chain
2, 4.27507, 40, 1, 0, chair
3, 4.27507, 1, 1, 0, chair
2, 4.59644, 40, 1, 0, chalk
3, 4.59644, 1, 1, 0, chalk
2, 4.59644, 40, 2, 0, champ
3, 1, 2, 1, 0.5, champ
4, 1, 1, 1, 0.5, champ
2, 4.59644, 40, 1, 0, chant
3, 4.59644, 1, 1, 0, chant
2, 4.59644, 1, 1, 0, chaos
2, 3.54659, 13, 1, 0, chard
3, 3.54659, 1, 1, 0, chard
2, 3.54659, 13, 2, 0, charm
3, 1, 2, 1, 0.5, charm
2, 3.54659, 13, 1, 0, chart
3, 3.54659, 1, 1, 0, chart
2, 2.80735, 7, 1, 0, chase
3, 2.80735, 1, 1, 0, chase
2, 3.32486, 14, 1, 0, chasm
3, 3.32486, 1, 1, 0, chasm
2, 4.53708, 68, 4, 0, cheap
3, 2, 4, 1, 0.25, cheap
4, 2, 1, 1, 0.25, cheap
2, 4.53708, 68, 4, 0, cheat
3, 2, 4, 1, 0.25, cheat
2, 5.12671, 120, 10, 0, check
3, 3.32193, 10, 1, 0.1, check
4, 3.32193, 1, 1, 0.1, check
2, 5.12671, 120, 10, 0, cheek
3, 3.32193, 10, 1, 0.1, cheek
4, 3.32193, 1, 1, 0.1, cheek
2, 4.38699, 117, 25, 0, cheer
3, 3.75327, 25, 3, 0, cheer
4, 1.58496, 3, 1, 0, cheer
5, 1.58496, 1, 1, 0, cheer
2, 3.78714, 19, 1, 0, chess
3, 3.78714, 1, 1, 0, chess
2, 3.78714, 19, 1, 0, chest
3, 3.78714, 1, 1, 0, chest
2, 5.5085, 183, 1, 0, chick
3, 5.5085, 1, 1, 0, chick
2, 5.06772, 79, 4, 0, chide
3, 2, 4, 1, 0.25, chide
2, 5.12671, 120, 1, 0, chief
3, 5.12671, 1, 1, 0, chief
2, 5.5085, 183, 3, 0, child
3, 1.58496, 3, 1, 0, child
4, 1.58496, 1, 1, 0, child
2, 5.5085, 183, 3, 0, chili
3, 1.58496, 3, 1, 0, chili
4, 1.58496, 1, 1, 0, chili
2, 5.5085, 183, 3, 0, chill
3, 1.58496, 3, 1, 0, chill
4, 1.58496, 1, 1, 0, chill
2, 5.06772, 79, 4, 0, chime
3, 2, 4, 1, 0.25, chime
4, 2, 1, 1, 0.25, chime
2, 5.17137, 138, 1, 0, china
3, 5.17137, 1, 1, 0, china
2, 3.70044, 13, 1, 0, chirp
3, 3.70044, 1, 1, 0, chirp
2, 4.88754, 56, 1, 0, chock
3, 4.88754, 1, 1, 0, chock
2, 4.05978, 59, 1, 0, choir
3, 4.05978, 1, 1, 0, choir
2, 3.78418, 20, 3, 0, choke
3, 1.58496, 3, 1, 0, choke
4, 1.58496, 1, 1, 0, choke
2, 3, 8, 1, 0, chord
3, 3, 1, 1, 0, chord
2, 1, 2, 1, 0.5, chore
2, 2.32193, 5, 1, 0, chose
3, 2.32193, 1, 1, 0, chose
2, 5.5085, 183, 2, 0, chuck
3, 1, 2, 1, 0.5, chuck
2, 5.5085, 183, 2, 0, chump
3, 1, 2, 1, 0.5, chump
4, 1, 1, 1, 0.5, chump
2, 5.5085, 183, 1, 0, chunk
3, 5.5085, 1, 1, 0, chunk
2, 3.70044, 13, 1, 0, churn
3, 3.70044, 1, 1, 0, churn
2, 5.06772, 79, 2, 0, chute
3, 1, 2, 1, 0.5, chute
2, 4.38699, 117, 4, 0, cider
3, 2, 4, 1, 0, cider
4, 2, 1, 1, 0, cider
2, 4.22281, 42, 2, 0, cigar
3, 1, 2, 1, 0.5, cigar
2, 5.5085, 183, 3, 0, cinch
3, 1.58496, 3, 1, 0, cinch
4, 1.58496, 1, 1, 0, cinch
2, 4.22281, 42, 1, 0, circa
3, 4.22281, 1, 1, 0, circa
2, 5.5085, 183, 2, 0, civic
3, 1, 2, 1, 0.5, civic
2, 5.5085, 183, 1, 0, civil
3, 5.5085, 1, 1, 0, civil
2, 4.59644, 40, 1, 0, clack
3, 4.59644, 1, 1, 0, clack
2, 4.59644, 40, 1, 0, claim
3, 4.59644, 1, 1, 0, claim
2, 4.59644, 40, 1, 0, clamp
3, 4.59644, 1, 1, 0, clamp
2, 4.59644, 40, 1, 0, clang
3, 4.59644, 1, 1, 0, clang
2, 4.59644, 40, 1, 0, clank
3, 4.59644, 1, 1, 0, clank
2, 3.32486, 14, 1, 0, clash
3, 3.32486, 1, 1, 0, clash
2, 3.32486, 14, 1, 0, clasp
3, 3.32486, 1, 1, 0, clasp
2, 3.32486, 14, 1, 0, class
3, 3.32486, 1, 1, 0, class
2, 4.53708, 68, 2, 0, clean
3, 1, 2, 1, 0.5, clean
2, 3.69415, 61, 1, 0, clear
3, 3.69415, 1, 1, 0, clear
2, 4.53708, 68, 4, 0, cleat
3, 2, 4, 1, 0, cleat
4, 2, 1, 1, 0, cleat
2, 5.12671, 120, 6, 0, cleft
3, 2.58496, 6, 1, 0, cleft
4, 2.58496, 1, 1, 0, cleft
2, 3.37878, 14, 1, 0, clerk
3, 3.37878, 1, 1, 0, clerk
2, 5.5085, 183, 3, 0, click
3, 1.58496, 3, 1, 0, click
4, 1.58496, 1, 1, 0, click
2, 5.5085, 183, 3, 0, cliff
3, 1.58496, 3, 1, 0, cliff
4, 1.58496, 1, 1, 0, cliff
2, 5.5085, 183, 3, 0, climb
3, 1.58496, 3, 1, 0, climb
4, 1.58496, 1, 1, 0, climb
2, 5.5085, 183, 2, 0, cling
3, 1, 2, 1, 0.5, cling
2, 5.5085, 183, 2, 0, clink
3, 1, 2, 1, 0.5, clink
4, 1, 1, 1, 0.5, clink
2, 4.40569, 44, 1, 0, cloak
3, 4.40569, 1, 1, 0, cloak
2, 4.88754, 56, 2, 0, clock
3, 1, 2, 1, 0.5, clock
2, 3.78418, 20, 1, 0, clone
3, 3.78418, 1, 1, 0, clone
2, 2.32193, 5, 1, 0, close
3, 2.32193, 1, 1, 0, close
2, 4.88754, 56, 1, 0, cloth
3, 4.88754, 1, 1, 0, cloth
2, 4.88754, 56, 2, 0, cloud
3, 1, 2, 1, 0.5, cloud
4, 1, 1, 1, 0.5, cloud
2, 4.88754, 56, 1, 0, clout
3, 4.88754, 1, 1, 0, clout
2, 3.78418, 20, 2, 0, clove
3, 1, 2, 1, 0.5, clove
2, 4.88754, 56, 1, 0, clown
3, 4.88754, 1, 1, 0, clown
2, 5.5085, 183, 2, 0, cluck
3, 1, 2, 1, 0.5, cluck
2, 5.12671, 120, 3, 0, clued
3, 1.58496, 3, 1, 0, clued
4, 1.58496, 1, 1, 0, clued
2, 5.5085, 183, 2, 0, clump
3, 1, 2, 1, 0.5, clump
4, 1, 1, 1, 0.5, clump
2, 5.5085, 183, 1, 0, clung
3, 5.5085, 1, 1, 0, clung
2, 2.32193, 5, 1, 0, coach
3, 2.32193, 1, 1, 0, coach
2, 1.58496, 3, 1, 0, coast
3, 1.58496, 1, 1, 0, coast
2, 1.58496, 1, 1, 0, cobra
2, 3.6897, 21, 2, 0, cocoa
3, 1, 2, 1, 0.5, cocoa
2, 4.44757, 87, 1, 0, colon
3, 4.44757, 1, 1, 0, colon
2, 3.84027, 26, 1, 0, color
3, 3.84027, 1, 1, 0, color
2, 3.53257, 26, 1, 0, comet
3, 3.53257, 1, 1, 0, comet
2, 4.44757, 87, 1, 0, comfy
3, 4.44757, 1, 1, 0, comfy
2, 4.44757, 87, 4, 0, comic
3, 2, 4, 1, 0, comic
4, 2, 1, 1, 0, comic
2, 3.6897, 21, 1, 0, comma
3, 3.6897, 1, 1, 0, comma
2, 4.44757, 87, 4, 0, conch
3, 2, 4, 1, 0, conch
4, 2, 1, 1, 0, conch
2, 4.44757, 87, 4, 0, condo
3, 2, 4, 1, 0, condo
4, 2, 1, 1, 0, condo
2, 4.44757, 87, 4, 0, conic
3, 2, 4, 1, 0, conic
4, 2, 1, 1, 0, conic
2, 3.27761, 11, 1, 0, copse
3, 3.27761, 1, 1, 0, copse
2, 3, 8, 1, 0, coral
3, 3, 1, 1, 0, coral
2, 2.49197, 22, 9, 0, corer
3, 2.19716, 9, 2, 0, corer
4, 1, 2, 1, 0.5, corer
2, 3.84027, 26, 1, 0, corny
3, 3.84027, 1, 1, 0, corny
2, 4.44757, 87, 2, 0, couch
3, 1, 2, 1, 0.5, couch
2, 4.44757, 87, 2, 0, cough
3, 1, 2, 1, 0.5, cough
4, 1, 1, 1, 0.5, cough
2, 4.44757, 87, 1, 0, could
3, 4.44757, 1, 1, 0, could
2, 4.44757, 87, 1, 0, count
3, 4.44757, 1, 1, 0, count
2, 3.32193, 10, 1, 0, coupe
3, 3.32193, 1, 1, 0, coupe
2, 2.58496, 6, 1, 0, court
3, 2.58496, 1, 1, 0, court
2, 3.53257, 26, 5, 0, coven
3, 2.32193, 5, 1, 0, coven
4, 2.32193, 1, 1, 0, coven
2, 2.49197, 22, 9, 0, cover
3, 2.19716, 9, 2, 0, cover
4, 1, 2, 1, 0.5, cover
5, 1, 1, 1, 0.5, cover
2, 3.53257, 26, 1, 0, covet
3, 3.53257, 1, 1, 0, covet
2, 3.53257, 26, 3, 0, covey
3, 1.58496, 3, 1, 0, covey
4, 1.58496, 1, 1, 0, covey
2, 2.49197, 22, 4, 0, cower
3, 2, 4, 1, 0, cower
4, 2, 1, 1, 0, cower
2, 4.44757, 87, 1, 0, coyly
3, 4.44757, 1, 1, 0, coyly
2, 4.27507, 40, 3, 0, crack
3, 1.58496, 3, 1, 0, crack
4, 1.58496, 1, 1, 0, crack
2, 4.27507, 40, 1, 0, craft
3, 4.27507, 1, 1, 0, craft
2, 4.27507, 40, 3, 0, cramp
3, 1.58496, 3, 1, 0, cramp
4, 1.58496, 1, 1, 0, cramp
2, 2.97084, 19, 3, 0, crane
3, 1.58496, 3, 1, 0, crane
4, 1.58496, 1, 1, 0, crane
2, 4.27507, 40, 1, 0, crank
3, 4.27507, 1, 1, 0, crank
2, 2.80735, 7, 1, 0, crash
3, 2.80735, 1, 1, 0, crash
2, 2.80735, 7, 1, 0, crass
3, 2.80735, 1, 1, 0, crass
2, 2.97084, 19, 1, 0, crate
3, 2.97084, 1, 1, 0, crate
2, 2.97084, 19, 3, 0, crave
3, 1.58496, 3, 1, 0, crave
4, 1.58496, 1, 1, 0, crave
2, 4.27507, 40, 1, 0, crawl
3, 4.27507, 1, 1, 0, crawl
2, 2.97084, 19, 3, 0, craze
3, 1.58496, 3, 1, 0, craze
4, 1.58496, 1, 1, 0, craze
2, 4.27507, 40, 3, 0, crazy
3, 1.58496, 3, 1, 0, crazy
4, 1.58496, 1, 1, 0, crazy
2, 3.69415, 61, 11, 0, creak
3, 3.0958, 11, 2, 0, creak
4, 1, 2, 1, 0.5, creak
2, 3.69415, 61, 11, 0, cream
3, 3.0958, 11, 2, 0, cream
4, 1, 2, 1, 0.5, cream
5, 1, 1, 1, 0.5, cream
2, 3.2389, 13, 1, 0, credo
3, 3.2389, 1, 1, 0, credo
2, 4.38699, 117, 4, 0, creed
3, 2, 4, 1, 0, creed
4, 2, 1, 1, 0, creed
2, 4.38699, 117, 25, 0, creek
3, 3.75327, 25, 3, 0, creek
4, 1.58496, 3, 1, 0, creek
5, 1.58496, 1, 1, 0, creek
2, 4.38699, 117, 25, 0, creep
3, 3.75327, 25, 1, 0, creep
4, 3.75327, 1, 1, 0, creep
2, 4.0055, 39, 1, 0, creme
3, 4.0055, 1, 1, 0, creme
2, 4.0055, 39, 1, 0, crepe
3, 4.0055, 1, 1, 0, crepe
2, 4.38699, 117, 7, 0, crept
3, 2.80735, 7, 1, 0, crept
4, 2.80735, 1, 1, 0, crept
2, 3.37356, 15, 1, 0, cress
3, 3.37356, 1, 1, 0, cress
2, 3.37356, 15, 1, 0, crest
3, 3.37356, 1, 1, 0, crest
2, 4.65581, 57, 5, 0, crick
3, 2.32193, 5, 1, 0, crick
4, 2.32193, 1, 1, 0, crick
2, 4.38699, 117, 4, 0, cried
3, 2, 4, 1, 0, cried
4, 2, 1, 1, 0, cried
2, 4.38699, 117, 5, 0, crier
3, 2.32193, 5, 1, 0, crier
4, 2.32193, 1, 1, 0, crier
2, 4.0055, 39, 2, 0, crime
3, 1, 2, 1, 0.5, crime
2, 4.65581, 57, 5, 0, crimp
3, 2.32193, 5, 1, 0, crimp
4, 2.32193, 1, 1, 0, crimp
2, 3.75, 16, 1, 0, crisp
3, 3.75, 1, 1, 0, crisp
2, 3.65823, 27, 2, 0, croak
3, 1, 2, 1, 0.5, croak
4, 1, 1, 1, 0.5, croak
2, 4.05978, 59, 3, 0, crock
3, 1.58496, 3, 1, 0, crock
4, 1.58496, 1, 1, 0, crock
2, 2.80735, 14, 1, 0, crone
3, 2.80735, 1, 1, 0, crone
2, 4.05978, 59, 1, 0, crony
3, 4.05978, 1, 1, 0, crony
2, 4.05978, 59, 3, 0, crook
3, 1.58496, 3, 1, 0, crook
4, 1.58496, 1, 1, 0, crook
2, 2.32193, 5, 1, 0, cross
3, 2.32193, 1, 1, 0, cross
2, 4.05978, 59, 1, 0, croup
3, 4.05978, 1, 1, 0, croup
2, 4.05978, 59, 3, 0, crowd
3, 1.58496, 3, 1, 0, crowd
4, 1.58496, 1, 1, 0, crowd
2, 4.05978, 59, 1, 0, crown
3, 4.05978, 1, 1, 0, crown
2, 4.0055, 39, 1, 0, crude
3, 4.0055, 1, 1, 0, crude
2, 4.38699, 117, 25, 0, cruel
3, 3.75327, 25, 2, 0, cruel
4, 1, 2, 1, 0.5, cruel
2, 4.65581, 57, 5, 0, crumb
3, 2.32193, 5, 1, 0, crumb
4, 2.32193, 1, 1, 0, crumb
2, 4.65581, 57, 5, 0, crump
3, 2.32193, 5, 1, 0, crump
4, 2.32193, 1, 1, 0, crump
2, 3.75, 16, 1, 0, crush
3, 3.75, 1, 1, 0, crush
2, 3.75, 16, 1, 0, crust
3, 3.75, 1, 1, 0, crust
2, 4.65581, 57, 1, 0, crypt
3, 4.65581, 1, 1, 0, crypt
2, 5.5085, 183, 2, 0, cubic
3, 1, 2, 1, 0.5, cubic
4, 1, 1, 1, 0.5, cubic
2, 5.5085, 183, 3, 0, cumin
3, 1.58496, 3, 1, 0, cumin
4, 1.58496, 1, 1, 0, cumin
2, 4.05978, 59, 1, 0, curio
3, 4.05978, 1, 1, 0, curio
2, 4.65581, 57, 5, 0, curly
3, 2.32193, 5, 1, 0, curly
4, 2.32193, 1, 1, 0, curly
2, 3.70044, 13, 1, 0, curry
3, 3.70044, 1, 1, 0, curry
2, 2.80735, 7, 1, 0, curse
3, 2.80735, 1, 1, 0, curse
2, 4.0055, 39, 1, 0, curve
3, 4.0055, 1, 1, 0, curve
2, 4.65581, 57, 5, 0, curvy
3, 2.32193, 5, 1, 0, curvy
4, 2.32193, 1, 1, 0, curvy
2, 5.06772, 79, 1, 0, cutie
3, 5.06772, 1, 1, 0, cutie
2, 4.38699, 117, 25, 0, cyber
3, 3.75327, 25, 3, 0, cyber
4, 1.58496, 3, 1, 0, cyber
5, 1.58496, 1, 1, 0, cyber
2, 5.06772, 79, 2, 0, cycle
3, 1, 2, 1, 0.5, cycle
4, 1, 1, 1, 0.5, cycle
2, 5.5085, 183, 3, 0, cynic
3, 1.58496, 3, 1, 0, cynic
4, 1.58496, 1, 1, 0, cynic
2, 5.17137, 138, 15, 0, daddy
3, 3.64022, 15, 2, 0, daddy
4, 1, 2, 1, 0.5, daddy
2, 5.17137, 138, 3, 0, daily
3, 1.58496, 3, 1, 0, daily
4, 1.58496, 1, 1, 0, daily
2, 3.0958, 11, 2, 0, dairy
3, 1, 2, 1, 0.5, dairy
2, 3.93618, 23, 1, 0, daisy
3, 3.93618, 1, 1, 0, daisy
2, 5.17137, 138, 12, 0, dally
3, 3.58496, 12, 1, 0, dally
4, 3.58496, 1, 1, 0, dally
2, 4.01177, 40, 7, 0, dance
3, 2.80735, 7, 1, 0, dance
4, 2.80735, 1, 1, 0, dance
2, 5.17137, 138, 6, 0, dandy
3, 2.58496, 6, 1, 0, dandy
4, 2.58496, 1, 1, 0, dandy
2, 5.17137, 138, 7, 0, datum
3, 2.52164, 7, 1, 0, datum
4, 2.52164, 1, 1, 0, datum
2, 5.17137, 138, 6, 0, daunt
3, 1.79248, 6, 3, 0, daunt
4, 1.58496, 3, 1, 0, daunt
5, 1.58496, 1, 1, 0, daunt
2, 3.74899, 21, 1, 0, dealt
3, 3.74899, 1, 1, 0, dealt
2, 3.74899, 21, 1, 0, death
3, 3.74899, 1, 1, 0, death
2, 3.69415, 61, 3, 0, debar
3, 1.58496, 3, 1, 0, debar
4, 1.58496, 1, 1, 0, debar
2, 5.12671, 120, 1, 0, debit
3, 5.12671, 1, 1, 0, debit
2, 5.12671, 120, 2, 0, debug
3, 1, 2, 1, 0.5, debug
2, 5.12671, 120, 2, 0, debut
3, 1, 2, 1, 0.5, debut
2, 4.53708, 68, 7, 0, decal
3, 2.80735, 7, 1, 0, decal
4, 2.80735, 1, 1, 0, decal
2, 4.53708, 68, 4, 0, decay
3, 2, 4, 1, 0.25, decay
4, 2, 1, 1, 0.25, decay
2, 3.2389, 13, 1, 0, decor
3, 3.2389, 1, 1, 0, decor
2, 4.00386, 25, 1, 0, decoy
3, 4.00386, 1, 1, 0, decoy
2, 3.37878, 14, 1, 0, decry
3, 3.37878, 1, 1, 0, decry
2, 4.38699, 117, 5, 0, defer
3, 2.32193, 5, 1, 0, defer
4, 2.32193, 1, 1, 0, defer
2, 5.12671, 120, 1, 0, deign
3, 5.12671, 1, 1, 0, deign
2, 5.12671, 120, 1, 0, deity
3, 5.12671, 1, 1, 0, deity
2, 4.53708, 68, 4, 0, delay
3, 2, 4, 1, 0, delay
4, 2, 1, 1, 0, delay
2, 4.53708, 68, 1, 0, delta
3, 4.53708, 1, 1, 0, delta
2, 5.06772, 79, 2, 0, delve
3, 1, 2, 1, 0.5, delve
2, 4.00386, 25, 1, 0, demon
3, 4.00386, 1, 1, 0, demon
2, 4.38699, 117, 3, 0, demur
3, 1.58496, 3, 1, 0, demur
4, 1.58496, 1, 1, 0, demur
2, 5.12671, 120, 1, 0, denim
3, 5.12671, 1, 1, 0, denim
2, 3, 8, 1, 0, dense
3, 3, 1, 1, 0, dense
2, 4.00386, 25, 2, 0, depot
3, 1, 2, 1, 0.5, depot
2, 5.12671, 120, 2, 0, depth
3, 1, 2, 1, 0.5, depth
4, 1, 1, 1, 0.5, depth
2, 4.38699, 117, 3, 0, derby
3, 1.58496, 3, 1, 0, derby
4, 1.58496, 1, 1, 0, derby
2, 4.38699, 117, 1, 0, deter
3, 4.38699, 1, 1, 0, deter
2, 4.00386, 25, 2, 0, detox
3, 1, 2, 1, 0.5, detox
4, 1, 1, 1, 0.5, detox
2, 5.06772, 79, 3, 0, deuce
3, 1.58496, 3, 1, 0, deuce
4, 1.58496, 1, 1, 0, deuce
2, 5.12671, 120, 2, 0, devil
3, 1, 2, 1, 0.5, devil
2, 3.54659, 13, 1, 0, diary
3, 3.54659, 1, 1, 0, diary
2, 5.12671, 120, 1, 0, dicey
3, 5.12671, 1, 1, 0, dicey
2, 5.5085, 183, 5, 0, digit
3, 1.92193, 5, 1, 0, digit
4, 1.92193, 1, 1, 0, digit
2, 5.5085, 183, 14, 0, dilly
3, 3.09307, 14, 1, 0, dilly
4, 3.09307, 1, 1, 0, dilly
2, 5.5085, 183, 14, 0, dimly
3, 3.09307, 14, 1, 0, dimly
4, 3.09307, 1, 1, 0, dimly
2, 4.38699, 117, 1, 0, diner
3, 4.38699, 1, 1, 0, diner
2, 4.88754, 56, 3, 0, dingo
3, 1.58496, 3, 1, 0, dingo
4, 1.58496, 1, 1, 0, dingo
2, 5.5085, 183, 8, 0, dingy
3, 3, 8, 1, 0, dingy
4, 3, 1, 1, 0, dingy
2, 3.78418, 20, 1, 0, diode
3, 3.78418, 1, 1, 0, diode
2, 4.0055, 39, 3, 0, dirge
3, 1.58496, 3, 1, 0, dirge
4, 1.58496, 1, 1, 0, dirge
2, 4.65581, 57, 3, 0, dirty
3, 1.58496, 3, 1, 0, dirty
4, 1.58496, 1, 1, 0, dirty
2, 2.80735, 7, 1, 0, disco
3, 2.80735, 1, 1, 0, disco
2, 5.5085, 183, 5, 0, ditch
3, 2.32193, 5, 1, 0, ditch
4, 2.32193, 1, 1, 0, ditch
2, 4.88754, 56, 1, 0, ditto
3, 4.88754, 1, 1, 0, ditto
2, 5.5085, 183, 9, 0, ditty
3, 2.6416, 9, 1, 0.111111, ditty
2, 4.38699, 117, 4, 0, diver
3, 2, 4, 1, 0, diver
4, 2, 1, 1, 0, diver
2, 5.5085, 183, 10, 0, dizzy
3, 3.12193, 10, 1, 0, dizzy
4, 3.12193, 1, 1, 0, dizzy
2, 3.32193, 10, 1, 0, dodge
3, 3.32193, 1, 1, 0, dodge
2, 4.44757, 87, 15, 0, dodgy
3, 3.00624, 15, 1, 0, dodgy
4, 3.00624, 1, 1, 0, dodgy
2, 3.6897, 21, 2, 0, dogma
3, 1, 2, 1, 0.5, dogma
2, 4.44757, 87, 3, 0, doing
3, 1.58496, 3, 1, 0, doing
4, 1.58496, 1, 1, 0, doing
2, 4.44757, 87, 6, 0, dolly
3, 2.25163, 6, 1, 0, dolly
4, 2.25163, 1, 1, 0, dolly
2, 3.84027, 26, 2, 0, donor
3, 1, 2, 1, 0.5, donor
2, 4.44757, 87, 4, 0, donut
3, 2, 4, 1, 0.25, donut
2, 3.53257, 26, 3, 0, dopey
3, 1.58496, 3, 1, 0, dopey
4, 1.58496, 1, 1, 0, dopey
2, 4.44757, 87, 4, 0, doubt
3, 2, 4, 1, 0.25, doubt
4, 2, 1, 1, 0.25, doubt
2, 4.44757, 87, 8, 0, dough
3, 2.75, 8, 1, 0, dough
4, 2.75, 1, 1, 0, dough
2, 4.44757, 87, 15, 0, dowdy
3, 3.00624, 15, 2, 0, dowdy
4, 1, 2, 1, 0.5, dowdy
2, 3.53257, 26, 4, 0, dowel
3, 2, 4, 1, 0, dowel
4, 2, 1, 1, 0, dowel
2, 4.44757, 87, 15, 0, downy
3, 3.00624, 15, 1, 0, downy
4, 3.00624, 1, 1, 0, downy
2, 2.58496, 6, 1, 0, dowry
3, 2.58496, 1, 1, 0, dowry
2, 3.53257, 26, 5, 0, dozen
3, 2.32193, 5, 1, 0, dozen
4, 2.32193, 1, 1, 0, dozen
2, 4.27507, 40, 2, 0, draft
3, 1, 2, 1, 0.5, draft
2, 4.27507, 40, 3, 0, drain
3, 1.58496, 3, 1, 0, drain
4, 1.58496, 1, 1, 0, drain
2, 2.97084, 19, 2, 0, drake
3, 1, 2, 1, 0.5, drake
2, 4.27507, 40, 4, 0, drama
3, 2, 4, 1, 0, drama
4, 2, 1, 1, 0, drama
2, 4.27507, 40, 5, 0, drank
3, 2.32193, 5, 1, 0, drank
4, 2.32193, 1, 1, 0, drank
2, 2.97084, 19, 2, 0, drape
3, 1, 2, 1, 0.5, drape
4, 1, 1, 1, 0.5, drape
2, 4.27507, 40, 2, 0, drawl
3, 1, 2, 1, 0.5, drawl
4, 1, 1, 1, 0.5, drawl
2, 4.27507, 40, 3, 0, drawn
3, 1.58496, 3, 1, 0, drawn
4, 1.58496, 1, 1, 0, drawn
2, 3.69415, 61, 11, 0, dread
3, 3.0958, 11, 1, 0, dread
4, 3.0958, 1, 1, 0, dread
2, 3.69415, 61, 11, 0, dream
3, 3.0958, 11, 1, 0, dream
4, 3.0958, 1, 1, 0, dream
2, 3.37356, 15, 2, 0, dress
3, 1, 2, 1, 0.5, dress
2, 4.38699, 117, 4, 0, dried
3, 2, 4, 1, 0, dried
4, 2, 1, 1, 0, dried
2, 4.38699, 117, 2, 0, drier
3, 1, 2, 1, 0.5, drier
2, 4.65581, 57, 1, 0, drift
3, 4.65581, 1, 1, 0, drift
2, 4.65581, 57, 3, 0, drill
3, 1.58496, 3, 1, 0, drill
4, 1.58496, 1, 1, 0, drill
2, 4.65581, 57, 3, 0, drink
3, 1.58496, 3, 1, 0, drink
4, 1.58496, 1, 1, 0, drink
2, 4.0055, 39, 3, 0, drive
3, 1.58496, 3, 1, 0, drive
4, 1.58496, 1, 1, 0, drive
2, 4.05978, 59, 2, 0, droit
3, 1, 2, 1, 0.5, droit
2, 4.05978, 59, 12, 0, droll
3, 3.18872, 12, 1, 0, droll
4, 3.18872, 1, 1, 0, droll
2, 2.80735, 14, 1, 0, drone
3, 2.80735, 1, 1, 0, drone
2, 4.05978, 59, 12, 0, drool
3, 3.18872, 12, 1, 0, drool
4, 3.18872, 1, 1, 0, drool
2, 4.05978, 59, 12, 0, droop
3, 3.18872, 12, 1, 0, droop
4, 3.18872, 1, 1, 0, droop
2, 2.32193, 5, 1, 0, dross
3, 2.32193, 1, 1, 0, dross
2, 2.80735, 14, 2, 0, drove
3, 1, 2, 1, 0.5, drove
2, 4.05978, 59, 4, 0, drown
3, 2, 4, 1, 0, drown
4, 2, 1, 1, 0, drown
2, 4.65581, 57, 2, 0, druid
3, 1, 2, 1, 0.5, druid
4, 1, 1, 1, 0.5, druid
2, 4.65581, 57, 1, 0, drunk
3, 4.65581, 1, 1, 0, drunk
2, 4.38699, 117, 5, 0, dryer
3, 2.32193, 5, 1, 0, dryer
4, 2.32193, 1, 1, 0, dryer
2, 4.65581, 57, 5, 0, dryly
3, 2.32193, 5, 1, 0, dryly
4, 2.32193, 1, 1, 0, dryly
2, 5.5085, 183, 2, 0, duchy
3, 1, 2, 1, 0.5, duchy
2, 5.5085, 183, 8, 0, dully
3, 2.5, 8, 1, 0, dully
4, 2.5, 1, 1, 0, dully
2, 5.5085, 183, 15, 0, dummy
3, 3.50689, 15, 1, 0.0666667, dummy
4, 3.50689, 1, 1, 0.0666667, dummy
2, 5.5085, 183, 15, 0, dumpy
3, 3.50689, 15, 1, 0.0666667, dumpy
4, 3.50689, 1, 1, 0.0666667, dumpy
2, 5.06772, 79, 2, 0, dunce
3, 1, 2, 1, 0.5, dunce
2, 4.2485, 33, 2, 0, dusky
3, 1, 2, 1, 0.5, dusky
2, 4.2485, 33, 3, 0, dusty
3, 1.58496, 3, 1, 0, dusty
4, 1.58496, 1, 1, 0, dusty
2, 5.5085, 183, 3, 0, dutch
3, 1.58496, 3, 1, 0, dutch
4, 1.58496, 1, 1, 0, dutch
2, 5.12671, 120, 2, 0, duvet
3, 1, 2, 1, 0.5, duvet
2, 3.54659, 13, 1, 0, dwarf
3, 3.54659, 1, 1, 0, dwarf
2, 5.12671, 120, 1, 0, dwell
3, 5.12671, 1, 1, 0, dwell
2, 5.12671, 120, 2, 0, dwelt
3, 1, 2, 1, 0.5, dwelt
4, 1, 1, 1, 0.5, dwelt
2, 5.5085, 183, 3, 0, dying
3, 1.58496, 3, 1, 0, dying
4, 1.58496, 1, 1, 0, dying
2, 3.69415, 61, 15, 0, eager
3, 2.86625, 15, 2, 0, eager
4, 1, 2, 1, 0.5, eager
2, 4.01177, 40, 1, 0, eagle
3, 4.01177, 1, 1, 0, eagle
2, 3.69415, 61, 1, 0, early
3, 3.69415, 1, 1, 0, early
2, 3.69415, 61, 1, 0, earth
3, 3.69415, 1, 1, 0, earth
2, 2.32193, 5, 1, 0, easel
3, 2.32193, 1, 1, 0, easel
2, 4.53708, 68, 1, 0, eaten
3, 4.53708, 1, 1, 0, eaten
2, 3.69415, 61, 4, 0, eater
3, 2, 4, 1, 0, eater
4, 2, 1, 1, 0, eater
2, 4.00386, 25, 4, 0, ebony
3, 2, 4, 1, 0.25, ebony
4, 2, 1, 1, 0.25, ebony
2, 4.53708, 68, 4, 0, eclat
3, 2, 4, 1, 0, eclat
4, 2, 1, 1, 0, eclat
2, 5.12671, 120, 1, 0, edict
3, 5.12671, 1, 1, 0, edict
2, 5.12671, 120, 1, 0, edify
3, 5.12671, 1, 1, 0, edify
2, 4.0055, 39, 1, 0, eerie
3, 4.0055, 1, 1, 0, eerie
2, 4.38699, 117, 6, 0, egret
3, 2.58496, 6, 1, 0, egret
4, 2.58496, 1, 1, 0, egret
2, 5.12671, 120, 4, 0, eight
3, 2, 4, 1, 0.25, eight
2, 5.12671, 120, 6, 0, eject
3, 2.58496, 6, 1, 0, eject
4, 2.58496, 1, 1, 0, eject
2, 5.12671, 120, 2, 0, eking
3, 1, 2, 1, 0.5, eking
2, 3.18201, 28, 2, 0, elate
3, 1, 2, 1, 0.5, elate
2, 4.00386, 25, 1, 0, elbow
3, 4.00386, 1, 1, 0, elbow
2, 4.38699, 117, 5, 0, elder
3, 2.32193, 5, 1, 0, elder
4, 2.32193, 1, 1, 0, elder
2, 5.12671, 120, 6, 0, elect
3, 2.58496, 6, 1, 0, elect
4, 2.58496, 1, 1, 0, elect
2, 5.12671, 120, 10, 0, elegy
3, 3.32193, 10, 1, 0.1, elegy
4, 3.32193, 1, 1, 0.1, elegy
2, 5.12671, 120, 7, 0, elfin
3, 2.80735, 7, 1, 0, elfin
4, 2.80735, 1, 1, 0, elfin
2, 5.06772, 79, 1, 0, elide
3, 5.06772, 1, 1, 0, elide
2, 5.06772, 79, 1, 0, elite
3, 5.06772, 1, 1, 0, elite
2, 3.78418, 20, 2, 0, elope
3, 1, 2, 1, 0.5, elope
4, 1, 1, 1, 0.5, elope
2, 5.06772, 79, 4, 0, elude
3, 2, 4, 1, 0.25, elude
4, 2, 1, 1, 0.25, elude
2, 3.74899, 21, 1, 0, email
3, 3.74899, 1, 1, 0, email
2, 5.12671, 120, 3, 0, embed
3, 1.58496, 3, 1, 0, embed
4, 1.58496, 1, 1, 0, embed
2, 4.38699, 117, 25, 0, ember
3, 3.75327, 25, 1, 0, ember
4, 3.75327, 1, 1, 0, ember
2, 5.06772, 79, 6, 0, emcee
3, 2.58496, 6, 1, 0, emcee
4, 2.58496, 1, 1, 0, emcee
2, 5.12671, 120, 6, 0, empty
3, 2.58496, 6, 1, 0, empty
4, 2.58496, 1, 1, 0, empty
2, 3.74899, 21, 3, 0, enact
3, 1.58496, 3, 1, 0, enact
4, 1.58496, 1, 1, 0, enact
2, 4.00386, 25, 4, 0, endow
3, 2, 4, 1, 0.25, endow
4, 2, 1, 1, 0.25, endow
2, 4.53708, 68, 4, 0, enema
3, 2, 4, 1, 0.25, enema
4, 2, 1, 1, 0.25, enema
2, 5.12671, 120, 5, 0, enemy
3, 2.32193, 5, 1, 0, enemy
4, 2.32193, 1, 1, 0, enemy
2, 4.00386, 25, 4, 0, enjoy
3, 2, 4, 1, 0.25, enjoy
2, 5.12671, 120, 7, 0, ennui
3, 2.80735, 7, 1, 0, ennui
4, 2.80735, 1, 1, 0, ennui
2, 3, 8, 1, 0, ensue
3, 3, 1, 1, 0, ensue
2, 4.38699, 117, 1, 0, enter
3, 4.38699, 1, 1, 0, enter
2, 3.37878, 14, 1, 0, entry
3, 3.37878, 1, 1, 0, entry
2, 4.00386, 25, 4, 0, envoy
3, 2, 4, 1, 0.25, envoy
4, 2, 1, 1, 0.25, envoy
2, 4.00386, 25, 2, 0, epoch
3, 1, 2, 1, 0.5, epoch
2, 4.00386, 25, 2, 0, epoxy
3, 1, 2, 1, 0.5, epoxy
4, 1, 1, 1, 0.5, epoxy
2, 4.53708, 68, 7, 0, equal
3, 2.80735, 7, 1, 0, equal
4, 2.80735, 1, 1, 0, equal
2, 5.12671, 120, 5, 0, equip
3, 2.32193, 5, 1, 0, equip
4, 2.32193, 1, 1, 0, equip
2, 2.32193, 1, 1, 0, erase
2, 4.38699, 117, 7, 0, erect
3, 2.80735, 7, 1, 0, erect
4, 2.80735, 1, 1, 0, erect
2, 2.80735, 14, 2, 0, erode
3, 1, 2, 1, 0.5, erode
4, 1, 1, 1, 0.5, erode
2, 3.2389, 13, 1, 0, error
3, 3.2389, 1, 1, 0, error
2, 4.38699, 117, 7, 0, erupt
3, 2.80735, 7, 1, 0, erupt
4, 2.80735, 1, 1, 0, erupt
2, 2.32193, 5, 1, 0, essay
3, 2.32193, 1, 1, 0, essay
2, 3.37356, 15, 1, 0, ester
3, 3.37356, 1, 1, 0, ester
2, 4.38699, 117, 6, 0, ether
3, 2.58496, 6, 1, 0, ether
4, 2.58496, 1, 1, 0, ether
2, 5.12671, 120, 4, 0, ethic
3, 2, 4, 1, 0.25, ethic
4, 2, 1, 1, 0.25, ethic
2, 1.58496, 3, 1, 0, ethos
3, 1.58496, 1, 1, 0, ethos
2, 5.06772, 79, 2, 0, etude
3, 1, 2, 1, 0.5, etude
4, 1, 1, 1, 0.5, etude
2, 3.18201, 28, 8, 0, evade
3, 2.75, 8, 1, 0.125, evade
4, 2.75, 1, 1, 0.125, evade
2, 5.12671, 120, 1, 0, event
3, 5.12671, 1, 1, 0, event
2, 3.37878, 14, 2, 0, every
3, 1, 2, 1, 0.5, every
2, 5.12671, 120, 2, 0, evict
3, 1, 2, 1, 0.5, evict
2, 3.78418, 20, 3, 0, evoke
3, 1.58496, 3, 1, 0, evoke
4, 1.58496, 1, 1, 0, evoke
2, 3.74899, 21, 3, 0, exact
3, 1.58496, 3, 1, 0, exact
4, 1.58496, 1, 1, 0, exact
2, 3.74899, 21, 3, 0, exalt
3, 1.58496, 3, 1, 0, exalt
4, 1.58496, 1, 1, 0, exalt
2, 5.12671, 120, 10, 0, excel
3, 3.32193, 10, 1, 0.1, excel
4, 3.32193, 1, 1, 0.1, excel
2, 3.37878, 14, 2, 0, exert
3, 1, 2, 1, 0.5, exert
2, 5.06772, 79, 2, 0, exile
3, 1, 2, 1, 0.5, exile
2, 3.78714, 19, 2, 0, exist
3, 1, 2, 1, 0.5, exist
2, 5.12671, 120, 10, 0, expel
3, 3.32193, 10, 1, 0.1, expel
2, 4.00386, 25, 1, 0, extol
3, 4.00386, 1, 1, 0, extol
2, 2.32193, 5, 1, 0, extra
3, 2.32193, 1, 1, 0, extra
2, 5.12671, 120, 6, 0, exult
3, 2.58496, 6, 1, 0, exult
4, 2.58496, 1, 1, 0, exult
2, 5.12671, 120, 2, 0, eying
3, 1, 2, 1, 0.5, eying
4, 1, 1, 1, 0.5, eying
2, 4.01177, 40, 4, 0, fable
3, 2, 4, 1, 0, fable
4, 2, 1, 1, 0, fable
2, 4.53708, 68, 2, 0, facet
3, 1, 2, 1, 0.5, facet
4, 1, 1, 1, 0.5, facet
2, 5.17137, 138, 3, 0, faint
3, 1.58496, 3, 1, 0, faint
4, 1.58496, 1, 1, 0, faint
2, 3.0958, 11, 2, 0, fairy
3, 1, 2, 1, 0.5, fairy
4, 1, 1, 1, 0.5, fairy
2, 5.17137, 138, 2, 0, faith
3, 1, 2, 1, 0.5, faith
4, 1, 1, 1, 0.5, faith
2, 3.13957, 15, 3, 0, false
3, 1.58496, 3, 1, 0, false
4, 1.58496, 1, 1, 0, false
2, 5.17137, 138, 1, 0, fancy
3, 5.17137, 1, 1, 0, fancy
2, 5.17137, 138, 3, 0, fanny
3, 1.58496, 3, 1, 0, fanny
4, 1.58496, 1, 1, 0, fanny
2, 2.80735, 7, 1, 0, farce
3, 2.80735, 1, 1, 0, farce
2, 5.17137, 138, 5, 0, fatal
3, 2.32193, 5, 1, 0, fatal
4, 2.32193, 1, 1, 0, fatal
2, 5.17137, 138, 7, 0, fatty
3, 2.52164, 7, 1, 0, fatty
4, 2.52164, 1, 1, 0, fatty
2, 5.17137, 138, 3, 0, fault
3, 1.58496, 3, 1, 0, fault
4, 1.58496, 1, 1, 0, fault
2, 5.17137, 138, 3, 0, fauna
3, 1.58496, 3, 1, 0, fauna
4, 1.58496, 1, 1, 0, fauna
2, 3.65823, 27, 5, 0, favor
3, 2.32193, 5, 1, 0, favor
4, 2.32193, 1, 1, 0, favor
2, 2.32193, 5, 1, 0, feast
3, 2.32193, 1, 1, 0, feast
2, 4.53708, 68, 7, 0, fecal
3, 2.80735, 7, 1, 0, fecal
4, 2.80735, 1, 1, 0, fecal
2, 5.12671, 120, 2, 0, feign
3, 1, 2, 1, 0.5, feign
2, 4.53708, 68, 3, 0, fella
3, 1.58496, 3, 1, 0, fella
4, 1.58496, 1, 1, 0, fella
2, 4.00386, 25, 2, 0, felon
3, 1, 2, 1, 0.5, felon
2, 5.06772, 79, 6, 0, femme
3, 2.58496, 6, 1, 0, femme
4, 2.58496, 1, 1, 0, femme
2, 4.38699, 117, 9, 0, femur
3, 3.16992, 9, 1, 0, femur
4, 3.16992, 1, 1, 0, femur
2, 5.06772, 79, 6, 0, fence
3, 2.58496, 6, 1, 0, fence
4, 2.58496, 1, 1, 0, fence
2, 3.69415, 61, 3, 0, feral
3, 1.58496, 3, 1, 0, feral
4, 1.58496, 1, 1, 0, feral
2, 3.37878, 14, 1, 0, ferry
3, 3.37878, 1, 1, 0, ferry
2, 4.53708, 68, 3, 0, fetal
3, 1.58496, 3, 1, 0, fetal
4, 1.58496, 1, 1, 0, fetal
2, 5.12671, 120, 7, 0, fetch
3, 2.80735, 7, 1, 0, fetch
4, 2.80735, 1, 1, 0, fetch
2, 5.12671, 120, 1, 0, fetid
3, 5.12671, 1, 1, 0, fetid
2, 3.78714, 19, 1, 0, fetus
3, 3.78714, 1, 1, 0, fetus
2, 4.38699, 117, 25, 0, fever
3, 3.75327, 25, 3, 0, fever
4, 1.58496, 3, 1, 0, fever
5, 1.58496, 1, 1, 0, fever
2, 4.38699, 117, 25, 0, fewer
3, 3.75327, 25, 3, 0, fewer
4, 1.58496, 3, 1, 0, fewer
5, 1.58496, 1, 1, 0, fewer
2, 4.38699, 117, 9, 0, fiber
3, 2.6416, 9, 3, 0, fiber
4, 1.58496, 3, 1, 0, fiber
5, 1.58496, 1, 1, 0, fiber
2, 2, 4, 1, 0, fibre
3, 2, 1, 1, 0, fibre
2, 4.2485, 33, 3, 0, ficus
3, 1.58496, 3, 1, 0, ficus
4, 1.58496, 1, 1, 0, ficus
2, 5.12671, 120, 3, 0, field
3, 1.58496, 3, 1, 0, field
4, 1.58496, 1, 1, 0, field
2, 5.12671, 120, 1, 0, fiend
3, 5.12671, 1, 1, 0, fiend
2, 3.37878, 14, 1, 0, fiery
3, 3.37878, 1, 1, 0, fiery
2, 5.5085, 183, 9, 0, fifth
3, 2.6416, 9, 1, 0.111111, fifth
4, 2.6416, 1, 1, 0.111111, fifth
2, 5.5085, 183, 9, 0, fifty
3, 2.6416, 9, 1, 0.111111, fifty
4, 2.6416, 1, 1, 0.111111, fifty
2, 5.5085, 183, 5, 0, fight
3, 1.92193, 5, 2, 0, fight
4, 1, 2, 1, 0.5, fight
2, 4.38699, 117, 9, 0, filer
3, 2.6416, 9, 1, 0, filer
4, 2.6416, 1, 1, 0, filer
2, 5.12671, 120, 4, 0, filet
3, 2, 4, 1, 0.25, filet
4, 2, 1, 1, 0.25, filet
2, 5.5085, 183, 14, 0, filly
3, 3.09307, 14, 4, 0, filly
4, 2, 4, 1, 0, filly
5, 2, 1, 1, 0, filly
2, 5.5085, 183, 14, 0, filmy
3, 3.09307, 14, 1, 0, filmy
4, 3.09307, 1, 1, 0, filmy
2, 5.5085, 183, 2, 0, filth
3, 1, 2, 1, 0.5, filth
2, 5.17137, 138, 3, 0, final
3, 1.58496, 3, 1, 0, final
4, 1.58496, 1, 1, 0, final
2, 5.5085, 183, 3, 0, finch
3, 1.58496, 3, 1, 0, finch
4, 1.58496, 1, 1, 0, finch
2, 4.38699, 117, 3, 0, finer
3, 1.58496, 3, 1, 0, finer
4, 1.58496, 1, 1, 0, finer
2, 3.75, 16, 1, 0, first
3, 3.75, 1, 1, 0, first
2, 4.2485, 33, 1, 0, fishy
3, 4.2485, 1, 1, 0, fishy
2, 4.38699, 117, 9, 0, fixer
3, 2.6416, 9, 3, 0, fixer
4, 1.58496, 3, 1, 0, fixer
5, 1.58496, 1, 1, 0, fixer
2, 5.5085, 183, 10, 0, fizzy
3, 3.12193, 10, 1, 0, fizzy
4, 3.12193, 1, 1, 0, fizzy
2, 3, 8, 1, 0, fjord
3, 3, 1, 1, 0, fjord
2, 4.59644, 40, 2, 0, flack
3, 1, 2, 1, 0.5, flack
4, 1, 1, 1, 0.5, flack
2, 4.59644, 40, 3, 0, flail
3, 1.58496, 3, 1, 0, flail
4, 1.58496, 1, 1, 0, flail
2, 4.27507, 40, 1, 0, flair
3, 4.27507, 1, 1, 0, flair
2, 3.18201, 28, 6, 0, flake
3, 2.25163, 6, 1, 0, flake
4, 2.25163, 1, 1, 0, flake
2, 4.59644, 40, 1, 0, flaky
3, 4.59644, 1, 1, 0, flaky
2, 3.18201, 28, 6, 0, flame
3, 2.25163, 6, 1, 0, flame
4, 2.25163, 1, 1, 0, flame
2, 4.59644, 40, 3, 0, flank
3, 1.58496, 3, 1, 0, flank
4, 1.58496, 1, 1, 0, flank
2, 2, 4, 1, 0, flare
3, 2, 1, 1, 0, flare
2, 3.32486, 14, 1, 0, flash
3, 3.32486, 1, 1, 0, flash
2, 3.32486, 14, 2, 0, flask
3, 1, 2, 1, 0.5, flask
4, 1, 1, 1, 0.5, flask
2, 5.12671, 120, 10, 0, fleck
3, 3.32193, 10, 1, 0.1, fleck
4, 3.32193, 1, 1, 0.1, fleck
2, 5.12671, 120, 6, 0, fleet
3, 2.58496, 6, 1, 0, fleet
4, 2.58496, 1, 1, 0, fleet
2, 3.78714, 19, 1, 0, flesh
3, 3.78714, 1, 1, 0, flesh
2, 5.5085, 183, 1, 0, flick
3, 5.5085, 1, 1, 0, flick
2, 4.38699, 117, 5, 0, flier
3, 2.32193, 5, 1, 0, flier
4, 2.32193, 1, 1, 0, flier
2, 5.5085, 183, 3, 0, fling
3, 1.58496, 3, 1, 0, fling
4, 1.58496, 1, 1, 0, fling
2, 5.5085, 183, 2, 0, flint
3, 1, 2, 1, 0.5, flint
2, 3.70044, 13, 1, 0, flirt
3, 3.70044, 1, 1, 0, flirt
2, 4.40569, 44, 4, 0, float
3, 2, 4, 1, 0, float
4, 2, 1, 1, 0, float
2, 4.88754, 56, 2, 0, flock
3, 1, 2, 1, 0.5, flock
4, 1, 1, 1, 0.5, flock
2, 4.88754, 56, 4, 0, flood
3, 2, 4, 1, 0.25, flood
4, 2, 1, 1, 0.25, flood
2, 4.05978, 59, 12, 0, floor
3, 3.18872, 12, 1, 0, floor
4, 3.18872, 1, 1, 0, floor
2, 2.58496, 6, 1, 0, flora
3, 2.58496, 1, 1, 0, flora
2, 2.80735, 7, 1, 0, floss
3, 2.80735, 1, 1, 0, floss
2, 4.05978, 59, 3, 0, flour
3, 1.58496, 3, 1, 0, flour
4, 1.58496, 1, 1, 0, flour
2, 4.88754, 56, 1, 0, flout
3, 4.88754, 1, 1, 0, flout
2, 4.88754, 56, 2, 0, flown
3, 1, 2, 1, 0.5, flown
4, 1, 1, 1, 0.5, flown
2, 5.5085, 183, 5, 0, fluff
3, 2.32193, 5, 1, 0, fluff
4, 2.32193, 1, 1, 0, fluff
2, 5.5085, 183, 1, 0, fluid
3, 5.5085, 1, 1, 0, fluid
2, 5.06772, 79, 4, 0, fluke
3, 2, 4, 1, 0.25, fluke
4, 2, 1, 1, 0.25, fluke
2, 5.06772, 79, 4, 0, flume
3, 2, 4, 1, 0.25, flume
2, 5.5085, 183, 3, 0, flung
3, 1.58496, 3, 1, 0, flung
4, 1.58496, 1, 1, 0, flung
2, 5.5085, 183, 3, 0, flunk
3, 1.58496, 3, 1, 0, flunk
4, 1.58496, 1, 1, 0, flunk
2, 4.2485, 33, 3, 0, flush
3, 1.58496, 3, 1, 0, flush
4, 1.58496, 1, 1, 0, flush
2, 5.06772, 79, 1, 0, flute
3, 5.06772, 1, 1, 0, flute
2, 4.38699, 117, 25, 0, flyer
3, 3.75327, 25, 1, 0, flyer
4, 3.75327, 1, 1, 0, flyer
2, 2.32193, 5, 1, 0, foamy
3, 2.32193, 1, 1, 0, foamy
2, 3.6897, 21, 3, 0, focal
3, 1.58496, 3, 1, 0, focal
4, 1.58496, 1, 1, 0, focal
2, 3.45656, 15, 2, 0, focus
3, 1, 2, 1, 0.5, focus
2, 4.44757, 87, 15, 0, foggy
3, 3.00624, 15, 3, 0, foggy
4, 1.58496, 3, 1, 0, foggy
5, 1.58496, 1, 1, 0, foggy
2, 3.45656, 15, 3, 0, foist
3, 1.58496, 3, 1, 0, foist
4, 1.58496, 1, 1, 0, foist
2, 4.44757, 87, 1, 0, folio
3, 4.44757, 1, 1, 0, folio
2, 4.44757, 87, 6, 0, folly
3, 2.25163, 6, 1, 0, folly
4, 2.25163, 1, 1, 0, folly
2, 3, 8, 1, 0, foray
3, 3, 1, 1, 0, foray
2, 2.9477, 9, 2, 0, force
3, 1, 2, 1, 0.5, force
2, 2.9477, 9, 1, 0, forge
3, 2.9477, 1, 1, 0, forge
2, 3.84027, 26, 5, 0, forgo
3, 2.32193, 5, 1, 0, forgo
4, 2.32193, 1, 1, 0, forgo
2, 2.9477, 9, 2, 0, forte
3, 1, 2, 1, 0.5, forte
4, 1, 1, 1, 0.5, forte
2, 3.84027, 26, 2, 0, forth
3, 1, 2, 1, 0.5, forth
2, 3.84027, 26, 1, 0, forty
3, 3.84027, 1, 1, 0, forty
2, 3.84027, 26, 5, 0, forum
3, 2.32193, 5, 1, 0, forum
4, 2.32193, 1, 1, 0, forum
2, 4.44757, 87, 8, 0, found
3, 2.75, 8, 2, 0, found
4, 1, 2, 1, 0.5, found
2, 2.49197, 22, 9, 0, foyer
3, 2.19716, 9, 3, 0, foyer
4, 1.58496, 3, 1, 0, foyer
5, 1.58496, 1, 1, 0, foyer
2, 4.27507, 40, 2, 0, frail
3, 1, 2, 1, 0.5, frail
2, 2.97084, 19, 6, 0, frame
3, 1.9183, 6, 2, 0.166667, frame
4, 1, 2, 1, 0.5, frame
5, 1, 1, 1, 0.5, frame
2, 4.27507, 40, 5, 0, frank
3, 2.32193, 5, 1, 0, frank
4, 2.32193, 1, 1, 0, frank
2, 4.27507, 40, 4, 0, fraud
3, 2, 4, 1, 0, fraud
4, 2, 1, 1, 0, fraud
2, 3.69415, 61, 11, 0, freak
3, 3.0958, 11, 2, 0, freak
4, 1, 2, 1, 0.5, freak
2, 4.38699, 117, 4, 0, freed
3, 2, 4, 1, 0, freed
4, 2, 1, 1, 0, freed
2, 4.38699, 117, 25, 0, freer
3, 3.75327, 25, 3, 0, freer
4, 1.58496, 3, 1, 0, freer
5, 1.58496, 1, 1, 0, freer
2, 3.37356, 15, 2, 0, fresh
3, 1, 2, 1, 0.5, fresh
2, 4.22281, 42, 3, 0, friar
3, 1.58496, 3, 1, 0, friar
4, 1.58496, 1, 1, 0, friar
2, 4.38699, 117, 4, 0, fried
3, 2, 4, 1, 0, fried
4, 2, 1, 1, 0, fried
2, 4.65581, 57, 3, 0, frill
3, 1.58496, 3, 1, 0, frill
4, 1.58496, 1, 1, 0, frill
2, 3.75, 16, 1, 0, frisk
3, 3.75, 1, 1, 0, frisk
2, 4.65581, 57, 2, 0, fritz
3, 1, 2, 1, 0.5, fritz
2, 4.05978, 59, 1, 0, frock
3, 4.05978, 1, 1, 0, frock
2, 4.05978, 59, 3, 0, frond
3, 1.58496, 3, 1, 0, frond
4, 1.58496, 1, 1, 0, frond
2, 4.05978, 59, 1, 0, front
3, 4.05978, 1, 1, 0, front
2, 2.32193, 5, 1, 0, frost
3, 2.32193, 1, 1, 0, frost
2, 4.05978, 59, 6, 0, froth
3, 2.58496, 6, 1, 0, froth
4, 2.58496, 1, 1, 0, froth
2, 4.05978, 59, 4, 0, frown
3, 2, 4, 1, 0, frown
4, 2, 1, 1, 0, frown
2, 2.80735, 14, 4, 0, froze
3, 2, 4, 1, 0, froze
4, 2, 1, 1, 0, froze
2, 4.65581, 57, 1, 0, fruit
3, 4.65581, 1, 1, 0, fruit
2, 5.06772, 79, 5, 0, fudge
3, 1.92193, 5, 2, 0, fudge
4, 1, 2, 1, 0.5, fudge
2, 5.06772, 79, 5, 0, fugue
3, 1.92193, 5, 1, 0, fugue
4, 1.92193, 1, 1, 0, fugue
2, 5.5085, 183, 8, 0, fully
3, 2.5, 8, 2, 0, fully
4, 1, 2, 1, 0.5, fully
2, 5.5085, 183, 8, 0, fungi
3, 3, 8, 1, 0, fungi
4, 3, 1, 1, 0, fungi
2, 5.5085, 183, 3, 0, funky
3, 1.58496, 3, 1, 0, funky
4, 1.58496, 1, 1, 0, funky
2, 5.5085, 183, 2, 0, funny
3, 1, 2, 1, 0.5, funny
4, 1, 1, 1, 0.5, funny
2, 4.05978, 59, 4, 0, furor
3, 2, 4, 1, 0, furor
4, 2, 1, 1, 0, furor
2, 3.70044, 13, 1, 0, furry
3, 3.70044, 1, 1, 0, furry
2, 4.2485, 33, 2, 0, fussy
3, 1, 2, 1, 0.5, fussy
4, 1, 1, 1, 0.5, fussy
2, 5.5085, 183, 15, 0, fuzzy
3, 3.50689, 15, 2, 0.0666667, fuzzy
4, 1, 2, 1, 0.5, fuzzy
2, 4.01177, 40, 1, 0, gaffe
3, 4.01177, 1, 1, 0, gaffe
2, 5.17137, 138, 3, 0, gaily
3, 1.58496, 3, 1, 0, gaily
4, 1.58496, 1, 1, 0, gaily
2, 3.69415, 61, 15, 0, gamer
3, 2.86625, 15, 1, 0, gamer
4, 2.86625, 1, 1, 0, gamer
2, 5.17137, 138, 15, 0, gamma
3, 3.64022, 15, 1, 0, gamma
4, 3.64022, 1, 1, 0, gamma
2, 5.17137, 138, 1, 0, gamut
3, 5.17137, 1, 1, 0, gamut
2, 3.93618, 23, 2, 0, gassy
3, 1, 2, 1, 0.5, gassy
4, 1, 1, 1, 0.5, gassy
2, 5.17137, 138, 15, 0, gaudy
3, 3.64022, 15, 1, 0, gaudy
4, 3.64022, 1, 1, 0, gaudy
2, 4.01177, 40, 2, 0, gauge
3, 1, 2, 1, 0.5, gauge
2, 5.17137, 138, 6, 0, gaunt
3, 1.79248, 6, 1, 0, gaunt
4, 1.79248, 1, 1, 0, gaunt
2, 4.01177, 40, 2, 0, gauze
3, 1, 2, 1, 0.5, gauze
4, 1, 1, 1, 0.5, gauze
2, 4.53708, 68, 6, 0, gavel
3, 2.58496, 6, 1, 0, gavel
4, 2.58496, 1, 1, 0, gavel
2, 5.17137, 138, 15, 0, gawky
3, 3.64022, 15, 1, 0, gawky
4, 3.64022, 1, 1, 0, gawky
2, 3.69415, 61, 15, 0, gayer
3, 2.86625, 15, 1, 0, gayer
4, 2.86625, 1, 1, 0, gayer
2, 5.17137, 138, 12, 0, gayly
3, 3.58496, 12, 1, 0, gayly
4, 3.58496, 1, 1, 0, gayly
2, 3.69415, 61, 15, 0, gazer
3, 2.86625, 15, 1, 0, gazer
4, 2.86625, 1, 1, 0, gazer
2, 4.00386, 25, 1, 0, gecko
3, 4.00386, 1, 1, 0, gecko
2, 5.12671, 120, 13, 0, geeky
3, 3.39275, 13, 1, 0, geeky
4, 3.39275, 1, 1, 0, geeky
2, 3, 8, 1, 0, geese
3, 3, 1, 1, 0, geese
2, 5.06772, 79, 1, 0, genie
3, 5.06772, 1, 1, 0, genie
2, 2, 4, 1, 0, genre
3, 2, 1, 1, 0, genre
2, 2.80735, 7, 1, 0, ghost
3, 2.80735, 1, 1, 0, ghost
2, 4.88754, 56, 2, 0, ghoul
3, 1, 2, 1, 0.5, ghoul
2, 4.59644, 40, 1, 0, giant
3, 4.59644, 1, 1, 0, giant
2, 5.5085, 183, 10, 0, giddy
3, 3.12193, 10, 1, 0, giddy
4, 3.12193, 1, 1, 0, giddy
2, 4.2485, 33, 2, 0, gipsy
3, 1, 2, 1, 0.5, gipsy
2, 4.65581, 57, 1, 0, girly
3, 4.65581, 1, 1, 0, girly
2, 4.65581, 57, 1, 0, girth
3, 4.65581, 1, 1, 0, girth
2, 5.12671, 120, 7, 0, given
3, 2.80735, 7, 1, 0, given
4, 2.80735, 1, 1, 0, given
2, 4.38699, 117, 9, 0, giver
3, 2.6416, 9, 1, 0, giver
4, 2.6416, 1, 1, 0, giver
2, 3.18201, 28, 1, 0, glade
3, 3.18201, 1, 1, 0, glade
2, 4.59644, 40, 3, 0, gland
3, 1.58496, 3, 1, 0, gland
4, 1.58496, 1, 1, 0, gland
2, 2, 4, 1, 0, glare
3, 2, 1, 1, 0, glare
2, 3.32486, 14, 1, 0, glass
3, 3.32486, 1, 1, 0, glass
2, 3.18201, 28, 1, 0, glaze
3, 3.18201, 1, 1, 0, glaze
2, 4.53708, 68, 4, 0, gleam
3, 2, 4, 1, 0, gleam
4, 2, 1, 1, 0, gleam
2, 4.53708, 68, 2, 0, glean
3, 1, 2, 1, 0.5, glean
4, 1, 1, 1, 0.5, glean
2, 5.06772, 79, 1, 0, glide
3, 5.06772, 1, 1, 0, glide
2, 5.5085, 183, 2, 0, glint
3, 1, 2, 1, 0.5, glint
4, 1, 1, 1, 0.5, glint
2, 4.40569, 44, 4, 0, gloat
3, 2, 4, 1, 0, gloat
4, 2, 1, 1, 0, gloat
2, 3.78418, 20, 1, 0, globe
3, 3.78418, 1, 1, 0, globe
2, 4.88754, 56, 4, 0, gloom
3, 2, 4, 1, 0.25, gloom
4, 2, 1, 1, 0.25, gloom
2, 3, 8, 1, 0, glory
3, 3, 1, 1, 0, glory
2, 2.80735, 7, 1, 0, gloss
3, 2.80735, 1, 1, 0, gloss
2, 3.78418, 20, 1, 0, glove
3, 3.78418, 1, 1, 0, glove
2, 5.5085, 183, 5, 0, glyph
3, 2.32193, 5, 1, 0, glyph
4, 2.32193, 1, 1, 0, glyph
2, 3.32486, 14, 3, 0, gnash
3, 1.58496, 3, 1, 0, gnash
4, 1.58496, 1, 1, 0, gnash
2, 3.78418, 20, 1, 0, gnome
3, 3.78418, 1, 1, 0, gnome
2, 4.44757, 87, 6, 0, godly
3, 2.58496, 6, 1, 0, godly
4, 2.58496, 1, 1, 0, godly
2, 4.44757, 87, 3, 0, going
3, 1.58496, 3, 1, 0, going
4, 1.58496, 1, 1, 0, going
2, 3.53257, 26, 1, 0, golem
3, 3.53257, 1, 1, 0, golem
2, 4.44757, 87, 6, 0, golly
3, 2.25163, 6, 2, 0, golly
4, 1, 2, 1, 0.5, golly
2, 3.6897, 21, 1, 0, gonad
3, 3.6897, 1, 1, 0, gonad
2, 2.49197, 22, 9, 0, goner
3, 2.19716, 9, 3, 0, goner
4, 1.58496, 3, 1, 0, goner
5, 1.58496, 1, 1, 0, goner
2, 4.44757, 87, 15, 0, goody
3, 3.00624, 15, 2, 0, goody
4, 1, 2, 1, 0.5, goody
2, 3.53257, 26, 3, 0, gooey
3, 1.58496, 3, 1, 0, gooey
4, 1.58496, 1, 1, 0, gooey
2, 4.44757, 87, 15, 0, goofy
3, 3.00624, 15, 3, 0, goofy
4, 1.58496, 3, 1, 0, goofy
5, 1.58496, 1, 1, 0, goofy
2, 3.27761, 11, 2, 0, goose
3, 1, 2, 1, 0.5, goose
2, 2.9477, 9, 1, 0, gorge
3, 2.9477, 1, 1, 0, gorge
2, 3.32193, 10, 1, 0, gouge
3, 3.32193, 1, 1, 0, gouge
2, 2.58496, 6, 1, 0, gourd
3, 2.58496, 1, 1, 0, gourd
2, 2.97084, 19, 2, 0, grace
3, 1, 2, 1, 0.5, grace
4, 1, 1, 1, 0.5, grace
2, 2.97084, 19, 1, 0, grade
3, 2.97084, 1, 1, 0, grade
2, 4.27507, 40, 2, 0, graft
3, 1, 2, 1, 0.5, graft
4, 1, 1, 1, 0.5, graft
2, 4.27507, 40, 2, 0, grail
3, 1, 2, 1, 0.5, grail
4, 1, 1, 1, 0.5, grail
2, 4.27507, 40, 3, 0, grain
3, 1.58496, 3, 1, 0, grain
4, 1.58496, 1, 1, 0, grain
2, 4.27507, 40, 5, 0, grand
3, 2.32193, 5, 1, 0, grand
4, 2.32193, 1, 1, 0, grand
2, 4.27507, 40, 1, 0, grant
3, 4.27507, 1, 1, 0, grant
2, 2.97084, 19, 6, 0, grape
3, 1.9183, 6, 2, 0.166667, grape
4, 1, 2, 1, 0.5, grape
2, 4.27507, 40, 4, 0, graph
3, 2, 4, 1, 0, graph
4, 2, 1, 1, 0, graph
2, 2.80735, 7, 1, 0, grasp
3, 2.80735, 1, 1, 0, grasp
2, 2.80735, 7, 1, 0, grass
3, 2.80735, 1, 1, 0, grass
2, 2.97084, 19, 1, 0, grate
3, 2.97084, 1, 1, 0, grate
2, 2.97084, 19, 6, 0, grave
3, 1.9183, 6, 1, 0.166667, grave
2, 4.27507, 40, 4, 0, gravy
3, 2, 4, 1, 0, gravy
4, 2, 1, 1, 0, gravy
2, 2.97084, 19, 6, 0, graze
3, 1.9183, 6, 2, 0.166667, graze
4, 1, 2, 1, 0.5, graze
5, 1, 1, 1, 0.5, graze
2, 3.69415, 61, 1, 0, great
3, 3.69415, 1, 1, 0, great
2, 4.38699, 117, 4, 0, greed
3, 2, 4, 1, 0, greed
4, 2, 1, 1, 0, greed
2, 4.38699, 117, 4, 0, green
3, 2, 4, 1, 0, green
4, 2, 1, 1, 0, green
2, 4.38699, 117, 6, 0, greet
3, 2.58496, 6, 1, 0, greet
4, 2.58496, 1, 1, 0, greet
2, 4.38699, 117, 5, 0, grief
3, 2.32193, 5, 1, 0, grief
4, 2.32193, 1, 1, 0, grief
2, 4.65581, 57, 1, 0, grill
3, 4.65581, 1, 1, 0, grill
2, 4.0055, 39, 7, 0, grime
3, 2.80735, 7, 1, 0.142857, grime
4, 2.80735, 1, 1, 0.142857, grime
2, 4.65581, 57, 1, 0, grimy
3, 4.65581, 1, 1, 0, grimy
2, 4.65581, 57, 1, 0, grind
3, 4.65581, 1, 1, 0, grind
2, 4.0055, 39, 2, 0, gripe
3, 1, 2, 1, 0.5, gripe
2, 3.65823, 27, 2, 0, groan
3, 1, 2, 1, 0.5, groan
2, 4.05978, 59, 1, 0, groin
3, 4.05978, 1, 1, 0, groin
2, 4.05978, 59, 12, 0, groom
3, 3.18872, 12, 1, 0, groom
4, 3.18872, 1, 1, 0, groom
2, 2.80735, 14, 2, 0, grope
3, 1, 2, 1, 0.5, grope
2, 2.32193, 5, 1, 0, gross
3, 2.32193, 1, 1, 0, gross
2, 4.05978, 59, 3, 0, group
3, 1.58496, 3, 1, 0, group
4, 1.58496, 1, 1, 0, group
2, 4.05978, 59, 2, 0, grout
3, 1, 2, 1, 0.5, grout
2, 2.80735, 14, 4, 0, grove
3, 2, 4, 1, 0, grove
4, 2, 1, 1, 0, grove
2, 4.05978, 59, 12, 0, growl
3, 3.18872, 12, 1, 0, growl
4, 3.18872, 1, 1, 0, growl
2, 4.05978, 59, 4, 0, grown
3, 2, 4, 1, 0, grown
4, 2, 1, 1, 0, grown
2, 4.38699, 117, 25, 0, gruel
3, 3.75327, 25, 2, 0, gruel
4, 1, 2, 1, 0.5, gruel
5, 1, 1, 1, 0.5, gruel
2, 4.65581, 57, 1, 0, gruff
3, 4.65581, 1, 1, 0, gruff
2, 4.65581, 57, 1, 0, grunt
3, 4.65581, 1, 1, 0, grunt
2, 3.54659, 13, 1, 0, guard
3, 3.54659, 1, 1, 0, guard
2, 4.59644, 40, 2, 0, guava
3, 1, 2, 1, 0.5, guava
4, 1, 1, 1, 0.5, guava
2, 3.78714, 19, 1, 0, guess
3, 3.78714, 1, 1, 0, guess
2, 3.78714, 19, 1, 0, guest
3, 3.78714, 1, 1, 0, guest
2, 5.06772, 79, 1, 0, guide
3, 5.06772, 1, 1, 0, guide
2, 5.5085, 183, 3, 0, guild
3, 1.58496, 3, 1, 0, guild
4, 1.58496, 1, 1, 0, guild
2, 5.06772, 79, 1, 0, guile
3, 5.06772, 1, 1, 0, guile
2, 5.5085, 183, 3, 0, guilt
3, 1.58496, 3, 1, 0, guilt
4, 1.58496, 1, 1, 0, guilt
2, 3, 8, 1, 0, guise
3, 3, 1, 1, 0, guise
2, 5.5085, 183, 3, 0, gulch
3, 1.58496, 3, 1, 0, gulch
4, 1.58496, 1, 1, 0, gulch
2, 5.5085, 183, 8, 0, gully
3, 2.5, 8, 2, 0, gully
4, 1, 2, 1, 0.5, gully
5, 1, 1, 1, 0.5, gully
2, 4.88754, 56, 4, 0, gumbo
3, 2, 4, 1, 0.25, gumbo
2, 5.5085, 183, 15, 0, gummy
3, 3.50689, 15, 1, 0.0666667, gummy
4, 3.50689, 1, 1, 0.0666667, gummy
2, 5.5085, 183, 15, 0, guppy
3, 3.50689, 15, 1, 0.0666667, guppy
4, 3.50689, 1, 1, 0.0666667, guppy
2, 2.80735, 7, 1, 0, gusto
3, 2.80735, 1, 1, 0, gusto
2, 4.2485, 33, 3, 0, gusty
3, 1.58496, 3, 1, 0, gusty
4, 1.58496, 1, 1, 0, gusty
2, 4.2485, 33, 1, 0, gypsy
3, 4.2485, 1, 1, 0, gypsy
2, 5.17137, 138, 3, 0, habit
3, 1.58496, 3, 1, 0, habit
4, 1.58496, 1, 1, 0, habit
2, 3.0958, 11, 1, 0, hairy
3, 3.0958, 1, 1, 0, hairy
2, 4.01177, 40, 3, 0, halve
3, 1.58496, 3, 1, 0, halve
4, 1.58496, 1, 1, 0, halve
2, 5.17137, 138, 6, 0, handy
3, 2.58496, 6, 1, 0, handy
4, 2.58496, 1, 1, 0, handy
2, 5.17137, 138, 15, 0, happy
3, 3.64022, 15, 2, 0, happy
4, 1, 2, 1, 0.5, happy
2, 4.22281, 42, 5, 0, hardy
3, 2.32193, 5, 1, 0, hardy
4, 2.32193, 1, 1, 0, hardy
2, 3.69415, 61, 3, 0, harem
3, 1.58496, 3, 1, 0, harem
4, 1.58496, 1, 1, 0, harem
2, 4.22281, 42, 5, 0, harpy
3, 2.32193, 5, 1, 0, harpy
4, 2.32193, 1, 1, 0, harpy
2, 3.0958, 11, 1, 0, harry
3, 3.0958, 1, 1, 0, harry
2, 2, 4, 1, 0.25, harsh
2, 3.13957, 15, 1, 0, haste
3, 3.13957, 1, 1, 0, haste
2, 3.93618, 23, 3, 0, hasty
3, 1.58496, 3, 1, 0, hasty
4, 1.58496, 1, 1, 0, hasty
2, 5.17137, 138, 6, 0, hatch
3, 2.25163, 6, 2, 0, hatch
4, 1, 2, 1, 0.5, hatch
2, 3.69415, 61, 4, 0, hater
3, 2, 4, 1, 0, hater
4, 2, 1, 1, 0, hater
2, 5.17137, 138, 6, 0, haunt
3, 1.79248, 6, 1, 0, haunt
4, 1.79248, 1, 1, 0, haunt
2, 4.01177, 40, 1, 0, haute
3, 4.01177, 1, 1, 0, haute
2, 4.53708, 68, 2, 0, haven
3, 1, 2, 1, 0.5, haven
2, 4.40569, 44, 2, 0, havoc
3, 1, 2, 1, 0.5, havoc
4, 1, 1, 1, 0.5, havoc
2, 4.53708, 68, 6, 0, hazel
3, 2.58496, 6, 1, 0, hazel
4, 2.58496, 1, 1, 0, hazel
2, 3.74899, 21, 1, 0, heady
3, 3.74899, 1, 1, 0, heady
2, 2.9477, 9, 1, 0, heard
3, 2.9477, 1, 1, 0, heard
2, 2.9477, 9, 1, 0, heart
3, 2.9477, 1, 1, 0, heart
2, 3.74899, 21, 1, 0, heath
3, 3.74899, 1, 1, 0, heath
2, 3.18201, 28, 8, 0, heave
3, 2.75, 8, 1, 0.125, heave
2, 3.74899, 21, 1, 0, heavy
3, 3.74899, 1, 1, 0, heavy
2, 5.06772, 79, 2, 0, hedge
3, 1, 2, 1, 0.5, hedge
2, 5.12671, 120, 7, 0, hefty
3, 2.80735, 7, 1, 0, hefty
4, 2.80735, 1, 1, 0, hefty
2, 3.78714, 19, 1, 0, heist
3, 3.78714, 1, 1, 0, heist
2, 5.12671, 120, 1, 0, helix
3, 5.12671, 1, 1, 0, helix
2, 4.00386, 25, 2, 0, hello
3, 1, 2, 1, 0.5, hello
4, 1, 1, 1, 0.5, hello
2, 5.06772, 79, 6, 0, hence
3, 2.58496, 6, 1, 0, hence
4, 2.58496, 1, 1, 0, hence
2, 3.2389, 13, 1, 0, heron
3, 3.2389, 1, 1, 0, heron
2, 5.5085, 183, 14, 0, hilly
3, 3.09307, 14, 4, 0, hilly
4, 2, 4, 1, 0, hilly
5, 2, 1, 1, 0, hilly
2, 5.06772, 79, 3, 0, hinge
3, 1.58496, 3, 1, 0, hinge
4, 1.58496, 1, 1, 0, hinge
2, 4.88754, 56, 3, 0, hippo
3, 1.58496, 3, 1, 0, hippo
4, 1.58496, 1, 1, 0, hippo
2, 5.5085, 183, 10, 0, hippy
3, 3.12193, 10, 2, 0, hippy
4, 1, 2, 1, 0.5, hippy
2, 5.5085, 183, 5, 0, hitch
3, 2.32193, 5, 1, 0, hitch
4, 2.32193, 1, 1, 0, hitch
2, 1, 2, 1, 0.5, hoard
3, 1, 1, 1, 0.5, hoard
2, 4.44757, 87, 15, 0, hobby
3, 3.00624, 15, 1, 0, hobby
4, 3.00624, 1, 1, 0, hobby
2, 3.45656, 15, 1, 0, hoist
3, 3.45656, 1, 1, 0, hoist
2, 4.44757, 87, 6, 0, holly
3, 2.25163, 6, 2, 0, holly
4, 1, 2, 1, 0.5, holly
5, 1, 1, 1, 0.5, holly
2, 2.49197, 22, 2, 0, homer
3, 1, 2, 1, 0.5, homer
2, 3.53257, 26, 2, 0, honey
3, 1, 2, 1, 0.5, honey
4, 1, 1, 1, 0.5, honey
2, 3.84027, 26, 2, 0, honor
3, 1, 2, 1, 0.5, honor
4, 1, 1, 1, 0.5, honor
2, 2.9477, 9, 1, 0, horde
3, 2.9477, 1, 1, 0, horde
2, 3.84027, 26, 1, 0, horny
3, 3.84027, 1, 1, 0, horny
2, 1.58496, 3, 1, 0, horse
3, 1.58496, 1, 1, 0, horse
2, 3.53257, 26, 2, 0, hotel
3, 1, 2, 1, 0.5, hotel
2, 4.44757, 87, 1, 0, hotly
3, 4.44757, 1, 1, 0, hotly
2, 4.44757, 87, 8, 0, hound
3, 2.75, 8, 1, 0, hound
4, 2.75, 1, 1, 0, hound
2, 3.27761, 11, 1, 0, house
3, 3.27761, 1, 1, 0, house
2, 3.53257, 26, 4, 0, hovel
3, 2, 4, 1, 0, hovel
4, 2, 1, 1, 0, hovel
2, 2.49197, 22, 2, 0, hover
3, 1, 2, 1, 0.5, hover
4, 1, 1, 1, 0.5, hover
2, 4.44757, 87, 15, 0, howdy
3, 3.00624, 15, 2, 0, howdy
4, 1, 2, 1, 0.5, howdy
5, 1, 1, 1, 0.5, howdy
2, 5.17137, 138, 6, 0, human
3, 2.58496, 6, 1, 0, human
4, 2.58496, 1, 1, 0, human
2, 5.5085, 183, 10, 0, humid
3, 3.12193, 10, 1, 0, humid
4, 3.12193, 1, 1, 0, humid
2, 4.05978, 59, 4, 0, humor
3, 2, 4, 1, 0, humor
4, 2, 1, 1, 0, humor
2, 5.5085, 183, 15, 0, humph
3, 3.50689, 15, 1, 0.0666667, humph
4, 3.50689, 1, 1, 0.0666667, humph
2, 4.2485, 33, 1, 0, humus
3, 4.2485, 1, 1, 0, humus
2, 5.5085, 183, 4, 0, hunch
3, 2, 4, 1, 0, hunch
4, 2, 1, 1, 0, hunch
2, 5.5085, 183, 3, 0, hunky
3, 1.58496, 3, 1, 0, hunky
4, 1.58496, 1, 1, 0, hunky
2, 3.70044, 13, 1, 0, hurry
3, 3.70044, 1, 1, 0, hurry
2, 4.2485, 33, 2, 0, husky
3, 1, 2, 1, 0.5, husky
2, 4.2485, 33, 2, 0, hussy
3, 1, 2, 1, 0.5, hussy
4, 1, 1, 1, 0.5, hussy
2, 5.5085, 183, 3, 0, hutch
3, 1.58496, 3, 1, 0, hutch
4, 1.58496, 1, 1, 0, hutch
2, 3, 8, 1, 0, hydro
3, 3, 1, 1, 0, hydro
2, 4.53708, 68, 4, 0, hyena
3, 2, 4, 1, 0.25, hyena
4, 2, 1, 1, 0.25, hyena
2, 5.12671, 120, 5, 0, hymen
3, 2.32193, 5, 1, 0, hymen
4, 2.32193, 1, 1, 0, hymen
2, 4.38699, 117, 25, 0, hyper
3, 3.75327, 25, 1, 0, hyper
4, 3.75327, 1, 1, 0, hyper
2, 5.5085, 183, 1, 0, icily
3, 5.5085, 1, 1, 0, icily
2, 5.5085, 183, 1, 0, icing
3, 5.5085, 1, 1, 0, icing
2, 4.53708, 68, 7, 0, ideal
3, 2.80735, 7, 1, 0, ideal
4, 2.80735, 1, 1, 0, ideal
2, 4.88754, 56, 2, 0, idiom
3, 1, 2, 1, 0.5, idiom
2, 4.88754, 56, 1, 0, idiot
3, 4.88754, 1, 1, 0, idiot
2, 4.38699, 117, 2, 0, idler
3, 1, 2, 1, 0.5, idler
4, 1, 1, 1, 0.5, idler
2, 5.5085, 183, 14, 0, idyll
3, 3.09307, 14, 1, 0, idyll
4, 3.09307, 1, 1, 0, idyll
2, 4.88754, 56, 2, 0, igloo
3, 1, 2, 1, 0.5, igloo
2, 5.17137, 138, 1, 0, iliac
3, 5.17137, 1, 1, 0, iliac
2, 3.18201, 28, 1, 0, image
3, 3.18201, 1, 1, 0, image
2, 5.06772, 79, 2, 0, imbue
3, 1, 2, 1, 0.5, imbue
2, 5.12671, 120, 5, 0, impel
3, 2.32193, 5, 1, 0, impel
4, 2.32193, 1, 1, 0, impel
2, 5.5085, 183, 14, 0, imply
3, 3.09307, 14, 1, 0, imply
4, 3.09307, 1, 1, 0, imply
2, 3.18201, 28, 1, 0, inane
3, 3.18201, 1, 1, 0, inane
2, 4.88754, 56, 3, 0, inbox
3, 1.58496, 3, 1, 0, inbox
4, 1.58496, 1, 1, 0, inbox
2, 4.65581, 57, 1, 0, incur
3, 4.65581, 1, 1, 0, incur
2, 5.12671, 120, 2, 0, index
3, 1, 2, 1, 0.5, index
2, 5.12671, 120, 2, 0, inept
3, 1, 2, 1, 0.5, inept
2, 3.37878, 14, 2, 0, inert
3, 1, 2, 1, 0.5, inert
4, 1, 1, 1, 0.5, inert
2, 4.38699, 117, 1, 0, infer
3, 4.38699, 1, 1, 0, infer
2, 4.88754, 56, 1, 0, ingot
3, 4.88754, 1, 1, 0, ingot
2, 5.17137, 138, 3, 0, inlay
3, 1.58496, 3, 1, 0, inlay
4, 1.58496, 1, 1, 0, inlay
2, 5.12671, 120, 2, 0, inlet
3, 1, 2, 1, 0.5, inlet
4, 1, 1, 1, 0.5, inlet
2, 4.38699, 117, 1, 0, inner
3, 4.38699, 1, 1, 0, inner
2, 5.5085, 183, 3, 0, input
3, 1.58496, 3, 1, 0, input
4, 1.58496, 1, 1, 0, input
2, 4.38699, 117, 1, 0, inter
3, 4.38699, 1, 1, 0, inter
2, 3, 8, 1, 0, intro
3, 3, 1, 1, 0, intro
2, 4.44757, 87, 2, 0, ionic
3, 1, 2, 1, 0.5, ionic
2, 2.97084, 19, 1, 0, irate
3, 2.97084, 1, 1, 0, irate
2, 4.05978, 59, 3, 0, irony
3, 1.58496, 3, 1, 0, irony
4, 1.58496, 1, 1, 0, irony
2, 3.78714, 19, 2, 0, islet
3, 1, 2, 1, 0.5, islet
4, 1, 1, 1, 0.5, islet
2, 3, 8, 1, 0, issue
3, 3, 1, 1, 0, issue
2, 5.5085, 183, 5, 0, itchy
3, 2.32193, 5, 1, 0, itchy
4, 2.32193, 1, 1, 0, itchy
2, 3, 8, 1, 0, ivory
3, 3, 1, 1, 0, ivory
2, 5.17137, 138, 6, 0, jaunt
3, 1.79248, 6, 3, 0, jaunt
4, 1.58496, 3, 1, 0, jaunt
5, 1.58496, 1, 1, 0, jaunt
2, 5.17137, 138, 15, 0, jazzy
3, 3.64022, 15, 2, 0, jazzy
4, 1, 2, 1, 0.5, jazzy
5, 1, 1, 1, 0.5, jazzy
2, 5.12671, 120, 13, 0, jelly
3, 3.39275, 13, 1, 0, jelly
4, 3.39275, 1, 1, 0, jelly
2, 4.38699, 117, 9, 0, jerky
3, 3.16992, 9, 1, 0, jerky
4, 3.16992, 1, 1, 0, jerky
2, 5.12671, 120, 7, 0, jetty
3, 2.80735, 7, 1, 0, jetty
4, 2.80735, 1, 1, 0, jetty
2, 5.12671, 120, 13, 0, jewel
3, 3.39275, 13, 2, 0, jewel
4, 1, 2, 1, 0.5, jewel
2, 5.5085, 183, 10, 0, jiffy
3, 3.12193, 10, 1, 0, jiffy
4, 3.12193, 1, 1, 0, jiffy
2, 4.44757, 87, 5, 0, joint
3, 2.32193, 5, 1, 0, joint
4, 2.32193, 1, 1, 0, joint
2, 3.45656, 15, 3, 0, joist
3, 1.58496, 3, 1, 0, joist
4, 1.58496, 1, 1, 0, joist
2, 2.49197, 22, 9, 0, joker
3, 2.19716, 9, 2, 0, joker
4, 1, 2, 1, 0.5, joker
2, 4.44757, 87, 6, 0, jolly
3, 2.25163, 6, 1, 0, jolly
4, 2.25163, 1, 1, 0, jolly
2, 3.45656, 15, 1, 0, joust
3, 3.45656, 1, 1, 0, joust
2, 5.06772, 79, 5, 0, judge
3, 1.92193, 5, 2, 0, judge
4, 1, 2, 1, 0.5, judge
5, 1, 1, 1, 0.5, judge
2, 5.06772, 79, 1, 0, juice
3, 5.06772, 1, 1, 0, juice
2, 5.5085, 183, 3, 0, juicy
3, 1.58496, 3, 1, 0, juicy
4, 1.58496, 1, 1, 0, juicy
2, 4.88754, 56, 4, 0, jumbo
3, 2, 4, 1, 0.25, jumbo
4, 2, 1, 1, 0.25, jumbo
2, 5.5085, 183, 15, 0, jumpy
3, 3.50689, 15, 1, 0.0666667, jumpy
4, 3.50689, 1, 1, 0.0666667, jumpy
2, 5.17137, 138, 3, 0, junta
3, 1.58496, 3, 1, 0, junta
4, 1.58496, 1, 1, 0, junta
2, 4.88754, 56, 1, 0, junto
3, 4.88754, 1, 1, 0, junto
2, 4.05978, 59, 4, 0, juror
3, 2, 4, 1, 0, juror
4, 2, 1, 1, 0, juror
2, 5.17137, 138, 15, 0, kappa
3, 3.64022, 15, 1, 0, kappa
4, 3.64022, 1, 1, 0, kappa
2, 4.22281, 42, 4, 0, karma
3, 2, 4, 1, 0.25, karma
2, 5.17137, 138, 15, 0, kayak
3, 3.64022, 15, 1, 0, kayak
4, 3.64022, 1, 1, 0, kayak
2, 4.53708, 68, 4, 0, kebab
3, 2, 4, 1, 0.25, kebab
4, 2, 1, 1, 0.25, kebab
2, 4.59644, 40, 1, 0, khaki
3, 4.59644, 1, 1, 0, khaki
2, 5.5085, 183, 8, 0, kinky
3, 3, 8, 1, 0, kinky
4, 3, 1, 1, 0, kinky
2, 2.80735, 7, 1, 0, kiosk
3, 2.80735, 1, 1, 0, kiosk
2, 5.5085, 183, 9, 0, kitty
3, 2.6416, 9, 3, 0.111111, kitty
4, 1.58496, 3, 1, 0, kitty
5, 1.58496, 1, 1, 0, kitty
2, 4.59644, 40, 1, 0, knack
3, 4.59644, 1, 1, 0, knack
2, 3.18201, 28, 8, 0, knave
3, 2.75, 8, 1, 0.125, knave
4, 2.75, 1, 1, 0.125, knave
2, 4.53708, 68, 4, 0, knead
3, 2, 4, 1, 0.25, knead
4, 2, 1, 1, 0.25, knead
2, 5.12671, 120, 3, 0, kneed
3, 1.58496, 3, 1, 0, kneed
4, 1.58496, 1, 1, 0, kneed
2, 5.12671, 120, 5, 0, kneel
3, 2.32193, 5, 1, 0, kneel
4, 2.32193, 1, 1, 0, kneel
2, 5.12671, 120, 2, 0, knelt
3, 1, 2, 1, 0.5, knelt
2, 5.06772, 79, 4, 0, knife
3, 2, 4, 1, 0.25, knife
4, 2, 1, 1, 0.25, knife
2, 4.88754, 56, 1, 0, knock
3, 4.88754, 1, 1, 0, knock
2, 4.88754, 56, 2, 0, knoll
3, 1, 2, 1, 0.5, knoll
2, 4.88754, 56, 1, 0, known
3, 4.88754, 1, 1, 0, known
2, 2.32193, 5, 1, 0, koala
3, 2.32193, 1, 1, 0, koala
2, 4.65581, 57, 3, 0, krill
3, 1.58496, 3, 1, 0, krill
4, 1.58496, 1, 1, 0, krill
2, 4.53708, 68, 6, 0, label
3, 2.58496, 6, 1, 0, label
4, 2.58496, 1, 1, 0, label
2, 3.65823, 27, 5, 0, labor
3, 2.32193, 5, 1, 0, labor
4, 2.32193, 1, 1, 0, labor
2, 4.53708, 68, 1, 0, laden
3, 4.53708, 1, 1, 0, laden
2, 4.01177, 40, 4, 0, ladle
3, 2, 4, 1, 0, ladle
4, 2, 1, 1, 0, ladle
2, 3.69415, 61, 2, 0, lager
3, 1, 2, 1, 0.5, lager
2, 4.01177, 40, 3, 0, lance
3, 1.58496, 3, 1, 0, lance
4, 1.58496, 1, 1, 0, lance
2, 5.17137, 138, 5, 0, lanky
3, 2.32193, 5, 1, 0, lanky
4, 2.32193, 1, 1, 0, lanky
2, 4.53708, 68, 6, 0, lapel
3, 2.58496, 6, 1, 0, lapel
4, 2.58496, 1, 1, 0, lapel
2, 3.13957, 15, 1, 0, lapse
3, 3.13957, 1, 1, 0, lapse
2, 2.80735, 7, 1, 0, large
3, 2.80735, 1, 1, 0, large
2, 4.22281, 42, 1, 0, larva
3, 4.22281, 1, 1, 0, larva
2, 1.58496, 3, 1, 0, lasso
3, 1.58496, 1, 1, 0, lasso
2, 5.17137, 138, 1, 0, latch
3, 5.17137, 1, 1, 0, latch
2, 3.69415, 61, 1, 0, later
3, 3.69415, 1, 1, 0, later
2, 4.01177, 40, 2, 0, lathe
3, 1, 2, 1, 0.5, lathe
2, 4.01177, 40, 2, 0, latte
3, 1, 2, 1, 0.5, latte
4, 1, 1, 1, 0.5, latte
2, 5.17137, 138, 12, 0, laugh
3, 3.58496, 12, 1, 0, laugh
4, 3.58496, 1, 1, 0, laugh
2, 3.69415, 61, 2, 0, layer
3, 1, 2, 1, 0.5, layer
4, 1, 1, 1, 0.5, layer
2, 3.74899, 21, 2, 0, leach
3, 1, 2, 1, 0.5, leach
4, 1, 1, 1, 0.5, leach
2, 3.74899, 21, 3, 0, leafy
3, 1.58496, 3, 1, 0, leafy
4, 1.58496, 1, 1, 0, leafy
2, 3.74899, 21, 3, 0, leaky
3, 1.58496, 3, 1, 0, leaky
4, 1.58496, 1, 1, 0, leaky
2, 3.74899, 21, 2, 0, leant
3, 1, 2, 1, 0.5, leant
2, 3.74899, 21, 1, 0, leapt
3, 3.74899, 1, 1, 0, leapt
2, 2.9477, 9, 1, 0, learn
3, 2.9477, 1, 1, 0, learn
2, 2.80735, 7, 1, 0, lease
3, 2.80735, 1, 1, 0, lease
2, 2.32193, 5, 1, 0, leash
3, 2.32193, 1, 1, 0, leash
2, 2.32193, 5, 1, 0, least
3, 2.32193, 1, 1, 0, least
2, 3.18201, 28, 2, 0, leave
3, 1, 2, 1, 0.5, leave
2, 5.06772, 79, 1, 0, ledge
3, 5.06772, 1, 1, 0, ledge
2, 5.12671, 120, 13, 0, leech
3, 3.39275, 13, 2, 0, leech
4, 1, 2, 1, 0.5, leech
5, 1, 1, 1, 0.5, leech
2, 3.37878, 14, 1, 0, leery
3, 3.37878, 1, 1, 0, leery
2, 5.12671, 120, 7, 0, lefty
3, 2.80735, 7, 1, 0, lefty
4, 2.80735, 1, 1, 0, lefty
2, 4.53708, 68, 7, 0, legal
3, 2.80735, 7, 1, 0, legal
4, 2.80735, 1, 1, 0, legal
2, 5.12671, 120, 13, 0, leggy
3, 3.39275, 13, 1, 0, leggy
4, 3.39275, 1, 1, 0, leggy
2, 4.00386, 25, 1, 0, lemon
3, 4.00386, 1, 1, 0, lemon
2, 4.38699, 117, 9, 0, lemur
3, 3.16992, 9, 1, 0, lemur
4, 3.16992, 1, 1, 0, lemur
2, 4.38699, 117, 25, 0, leper
3, 3.75327, 25, 2, 0, leper
4, 1, 2, 1, 0.5, leper
2, 5.12671, 120, 13, 0, level
3, 3.39275, 13, 1, 0, level
4, 3.39275, 1, 1, 0, level
2, 4.38699, 117, 25, 0, lever
3, 3.75327, 25, 3, 0, lever
4, 1.58496, 3, 1, 0, lever
5, 1.58496, 1, 1, 0, lever
2, 5.12671, 120, 5, 0, libel
3, 2.32193, 5, 1, 0, libel
4, 2.32193, 1, 1, 0, libel
2, 5.06772, 79, 2, 0, liege
3, 1, 2, 1, 0.5, liege
4, 1, 1, 1, 0.5, liege
2, 5.5085, 183, 2, 0, light
3, 1, 2, 1, 0.5, light
2, 5.12671, 120, 7, 0, liken
3, 2.80735, 7, 1, 0, liken
4, 2.80735, 1, 1, 0, liken
2, 5.17137, 138, 1, 0, lilac
3, 5.17137, 1, 1, 0, lilac
2, 4.88754, 56, 2, 0, limbo
3, 1, 2, 1, 0.5, limbo
4, 1, 1, 1, 0.5, limbo
2, 5.5085, 183, 2, 0, limit
3, 1, 2, 1, 0.5, limit
4, 1, 1, 1, 0.5, limit
2, 5.12671, 120, 7, 0, linen
3, 2.80735, 7, 1, 0, linen
4, 2.80735, 1, 1, 0, linen
2, 4.38699, 117, 3, 0, liner
3, 1.58496, 3, 1, 0, liner
4, 1.58496, 1, 1, 0, liner
2, 4.88754, 56, 1, 0, lingo
3, 4.88754, 1, 1, 0, lingo
2, 5.5085, 183, 14, 0, lipid
3, 3.09307, 14, 2, 0, lipid
4, 1, 2, 1, 0.5, lipid
2, 5.06772, 79, 2, 0, lithe
3, 1, 2, 1, 0.5, lithe
2, 4.38699, 117, 9, 0, liver
3, 2.6416, 9, 1, 0, liver
4, 2.6416, 1, 1, 0, liver
2, 5.5085, 183, 14, 0, livid
3, 3.09307, 14, 2, 0, livid
4, 1, 2, 1, 0.5, livid
5, 1, 1, 1, 0.5, livid
2, 4.59644, 40, 2, 0, llama
3, 1, 2, 1, 0.5, llama
2, 2.32193, 5, 1, 0, loamy
3, 2.32193, 1, 1, 0, loamy
2, 2.32193, 5, 1, 0, loath
3, 2.32193, 1, 1, 0, loath
2, 4.44757, 87, 6, 0, lobby
3, 2.58496, 6, 1, 0, lobby
4, 2.58496, 1, 1, 0, lobby
2, 3.6897, 21, 2, 0, local
3, 1, 2, 1, 0.5, local
2, 3.45656, 15, 2, 0, locus
3, 1, 2, 1, 0.5, locus
4, 1, 1, 1, 0.5, locus
2, 3.32193, 10, 1, 0, lodge
3, 3.32193, 1, 1, 0, lodge
2, 4.44757, 87, 1, 0, lofty
3, 4.44757, 1, 1, 0, lofty
2, 4.44757, 87, 1, 0, logic
3, 4.44757, 1, 1, 0, logic
2, 4.44757, 87, 1, 0, login
3, 4.44757, 1, 1, 0, login
2, 4.44757, 87, 6, 0, loopy
3, 2.58496, 6, 1, 0, loopy
4, 2.58496, 1, 1, 0, loopy
2, 3.27761, 11, 1, 0, loose
3, 3.27761, 1, 1, 0, loose
2, 2.58496, 6, 1, 0, lorry
3, 2.58496, 1, 1, 0, lorry
2, 1, 2, 1, 0.5, loser
2, 3.27761, 11, 1, 0, louse
3, 3.27761, 1, 1, 0, louse
2, 3.45656, 15, 1, 0, lousy
3, 3.45656, 1, 1, 0, lousy
2, 2.49197, 22, 9, 0, lover
3, 2.19716, 9, 1, 0, lover
4, 2.19716, 1, 1, 0, lover
2, 2.49197, 22, 4, 0, lower
3, 2, 4, 1, 0, lower
4, 2, 1, 1, 0, lower
2, 4.44757, 87, 6, 0, lowly
3, 2.58496, 6, 1, 0, lowly
4, 2.58496, 1, 1, 0, lowly
2, 3.6897, 21, 2, 0, loyal
3, 1, 2, 1, 0.5, loyal
4, 1, 1, 1, 0.5, loyal
2, 5.5085, 183, 1, 0, lucid
3, 5.5085, 1, 1, 0, lucid
2, 5.5085, 183, 3, 0, lucky
3, 1.58496, 3, 1, 0, lucky
4, 1.58496, 1, 1, 0, lucky
2, 5.12671, 120, 5, 0, lumen
3, 2.32193, 5, 1, 0, lumen
4, 2.32193, 1, 1, 0, lumen
2, 5.5085, 183, 8, 0, lumpy
3, 2.5, 8, 2, 0, lumpy
4, 1, 2, 1, 0.5, lumpy
2, 4.22281, 42, 2, 0, lunar
3, 1, 2, 1, 0.5, lunar
4, 1, 1, 1, 0.5, lunar
2, 5.5085, 183, 2, 0, lunch
3, 1, 2, 1, 0.5, lunch
2, 5.06772, 79, 2, 0, lunge
3, 1, 2, 1, 0.5, lunge
4, 1, 1, 1, 0.5, lunge
2, 4.2485, 33, 1, 0, lupus
3, 4.2485, 1, 1, 0, lupus
2, 4.65581, 57, 5, 0, lurch
3, 2.32193, 5, 1, 0, lurch
4, 2.32193, 1, 1, 0, lurch
2, 4.65581, 57, 2, 0, lurid
3, 1, 2, 1, 0.5, lurid
2, 4.2485, 33, 3, 0, lusty
3, 1.58496, 3, 1, 0, lusty
4, 1.58496, 1, 1, 0, lusty
2, 5.5085, 183, 1, 0, lying
3, 5.5085, 1, 1, 0, lying
2, 5.5085, 183, 8, 0, lymph
3, 2.5, 8, 1, 0, lymph
4, 2.5, 1, 1, 0, lymph
2, 5.5085, 183, 2, 0, lynch
3, 1, 2, 1, 0.5, lynch
4, 1, 1, 1, 0.5, lynch
2, 4.65581, 57, 2, 0, lyric
3, 1, 2, 1, 0.5, lyric
4, 1, 1, 1, 0.5, lyric
2, 5.17137, 138, 2, 0, macaw
3, 1, 2, 1, 0.5, macaw
2, 4.40569, 44, 1, 0, macho
3, 4.40569, 1, 1, 0, macho
2, 2.58496, 6, 1, 0, macro
3, 2.58496, 1, 1, 0, macro
2, 5.17137, 138, 15, 0, madam
3, 3.64022, 15, 1, 0, madam
4, 3.64022, 1, 1, 0, madam
2, 5.17137, 138, 12, 0, madly
3, 3.58496, 12, 1, 0, madly
4, 3.58496, 1, 1, 0, madly
2, 5.17137, 138, 6, 0, mafia
3, 2.58496, 6, 1, 0, mafia
4, 2.58496, 1, 1, 0, mafia
2, 5.17137, 138, 1, 0, magic
3, 5.17137, 1, 1, 0, magic
2, 5.17137, 138, 15, 0, magma
3, 3.64022, 15, 1, 0, magma
4, 3.64022, 1, 1, 0, magma
2, 4.01177, 40, 7, 0, maize
3, 2.80735, 7, 1, 0, maize
4, 2.80735, 1, 1, 0, maize
2, 3.65823, 27, 2, 0, major
3, 1, 2, 1, 0.5, major
2, 3.69415, 61, 15, 0, maker
3, 2.86625, 15, 1, 0, maker
4, 2.86625, 1, 1, 0, maker
2, 4.40569, 44, 4, 0, mambo
3, 2, 4, 1, 0.25, mambo
4, 2, 1, 1, 0.25, mambo
2, 5.17137, 138, 15, 0, mamma
3, 3.64022, 15, 1, 0, mamma
4, 3.64022, 1, 1, 0, mamma
2, 5.17137, 138, 15, 0, mammy
3, 3.64022, 15, 1, 0, mammy
4, 3.64022, 1, 1, 0, mammy
2, 5.17137, 138, 6, 0, manga
3, 2.58496, 6, 1, 0, manga
4, 2.58496, 1, 1, 0, manga
2, 4.01177, 40, 2, 0, mange
3, 1, 2, 1, 0.5, mange
4, 1, 1, 1, 0.5, mange
2, 4.40569, 44, 4, 0, mango
3, 2, 4, 1, 0.25, mango
4, 2, 1, 1, 0.25, mango
2, 5.17137, 138, 6, 0, mangy
3, 2.58496, 6, 1, 0, mangy
4, 2.58496, 1, 1, 0, mangy
2, 5.17137, 138, 3, 0, mania
3, 1.58496, 3, 1, 0, mania
4, 1.58496, 1, 1, 0, mania
2, 5.17137, 138, 2, 0, manic
3, 1, 2, 1, 0.5, manic
2, 5.17137, 138, 5, 0, manly
3, 2.32193, 5, 1, 0, manly
4, 2.32193, 1, 1, 0, manly
2, 3.65823, 27, 1, 0, manor
3, 3.65823, 1, 1, 0, manor
2, 4.01177, 40, 4, 0, maple
3, 2, 4, 1, 0, maple
4, 2, 1, 1, 0, maple
2, 4.22281, 42, 4, 0, march
3, 2, 4, 1, 0.25, march
4, 2, 1, 1, 0.25, march
2, 3.0958, 11, 1, 0, marry
3, 3.0958, 1, 1, 0, marry
2, 2, 4, 1, 0.25, marsh
3, 2, 1, 1, 0.25, marsh
2, 1.58496, 3, 1, 0, mason
3, 1.58496, 1, 1, 0, mason
2, 3.13957, 15, 1, 0, masse
3, 3.13957, 1, 1, 0, masse
2, 5.17137, 138, 6, 0, match
3, 2.25163, 6, 1, 0, match
4, 2.25163, 1, 1, 0, match
2, 4.53708, 68, 1, 0, matey
3, 4.53708, 1, 1, 0, matey
2, 4.01177, 40, 1, 0, mauve
3, 4.01177, 1, 1, 0, mauve
2, 5.17137, 138, 6, 0, maxim
3, 2.58496, 6, 1, 0, maxim
4, 2.58496, 1, 1, 0, maxim
2, 4.01177, 40, 7, 0, maybe
3, 2.80735, 7, 1, 0, maybe
4, 2.80735, 1, 1, 0, maybe
2, 3.65823, 27, 2, 0, mayor
3, 1, 2, 1, 0.5, mayor
4, 1, 1, 1, 0.5, mayor
2, 3.74899, 21, 3, 0, mealy
3, 1.58496, 3, 1, 0, mealy
4, 1.58496, 1, 1, 0, mealy
2, 3.74899, 21, 2, 0, meant
3, 1, 2, 1, 0.5, meant
4, 1, 1, 1, 0.5, meant
2, 3.74899, 21, 1, 0, meaty
3, 3.74899, 1, 1, 0, meaty
2, 4.53708, 68, 3, 0, mecca
3, 1.58496, 3, 1, 0, mecca
4, 1.58496, 1, 1, 0, mecca
2, 4.53708, 68, 7, 0, medal
3, 2.80735, 7, 1, 0, medal
4, 2.80735, 1, 1, 0, medal
2, 4.53708, 68, 3, 0, media
3, 1.58496, 3, 1, 0, media
4, 1.58496, 1, 1, 0, media
2, 5.12671, 120, 2, 0, medic
3, 1, 2, 1, 0.5, medic
4, 1, 1, 1, 0.5, medic
2, 5.06772, 79, 2, 0, melee
3, 1, 2, 1, 0.5, melee
4, 1, 1, 1, 0.5, melee
2, 4.00386, 25, 2, 0, melon
3, 1, 2, 1, 0.5, melon
4, 1, 1, 1, 0.5, melon
2, 4.38699, 117, 9, 0, mercy
3, 3.16992, 9, 1, 0, mercy
4, 3.16992, 1, 1, 0, mercy
2, 4.0055, 39, 6, 0, merge
3, 2.58496, 6, 1, 0, merge
4, 2.58496, 1, 1, 0, merge
2, 4.38699, 117, 3, 0, merit
3, 1.58496, 3, 1, 0, merit
4, 1.58496, 1, 1, 0, merit
2, 3.37878, 14, 2, 0, merry
3, 1, 2, 1, 0.5, merry
4, 1, 1, 1, 0.5, merry
2, 4.53708, 68, 3, 0, metal
3, 1.58496, 3, 1, 0, metal
4, 1.58496, 1, 1, 0, metal
2, 4.38699, 117, 6, 0, meter
3, 2.58496, 6, 1, 0, meter
4, 2.58496, 1, 1, 0, meter
2, 1.58496, 3, 1, 0, metro
3, 1.58496, 1, 1, 0, metro
2, 3, 8, 1, 0, micro
3, 3, 1, 1, 0, micro
2, 5.06772, 79, 3, 0, midge
3, 1.58496, 3, 1, 0, midge
4, 1.58496, 1, 1, 0, midge
2, 4.2485, 33, 1, 0, midst
3, 4.2485, 1, 1, 0, midst
2, 5.5085, 183, 5, 0, might
3, 1.92193, 5, 1, 0, might
4, 1.92193, 1, 1, 0, might
2, 5.5085, 183, 14, 0, milky
3, 3.09307, 14, 1, 0, milky
4, 3.09307, 1, 1, 0, milky
2, 5.5085, 183, 3, 0, mimic
3, 1.58496, 3, 1, 0, mimic
4, 1.58496, 1, 1, 0, mimic
2, 5.06772, 79, 6, 0, mince
3, 2.58496, 6, 1, 0, mince
4, 2.58496, 1, 1, 0, mince
